timestamp_board_ms,timestamp_server_ms,seq_id,lat,lon,alt_m,rssi_dbm,gnss_fix_type,hpl_m
407,598,1001,51.107865,17.039488,119.9,-89,4,1.85
805,917,1002,51.107907,17.039481,120.4,-75,4,2.14
1215,1315,1003,51.107961,17.039512,120.0,-77,4,1.48
1637,1776,1004,51.107848,17.039538,120.2,-68,4,1.74
2034,2164,1005,51.10792,17.039484,120.2,-97,4,1.95
2430,2546,1006,51.108017,17.039525,119.8,-77,4,1.47
2854,3038,1007,51.10806,17.039474,120.3,-82,4,1.47
3266,3471,1008,51.108068,17.039597,120.4,-90,4,1.25
3659,3804,1009,51.108078,17.03961,120.0,-66,4,1.89
4067,4319,1010,51.108057,17.039708,120.7,-80,4,1.76
4460,4548,1013,51.108015,17.039651,120.5,-82,3,5.43
4853,4982,1014,51.108074,17.039617,120.7,-78,3,3.98
5256,5361,1015,51.108,17.039648,120.1,-95,4,0.9
5628,5694,1016,51.108182,17.039695,120.4,-91,4,0.81
6002,6137,1017,51.108092,17.039695,120.8,-84,4,1.54
6393,6526,1018,51.108123,17.039726,120.3,-79,4,1.38
6778,7034,1019,51.10822,17.039729,120.6,-71,4,1.91
7183,7363,1020,51.108103,17.03971,120.8,-89,3,5.06
7569,7661,1021,51.10814,17.039709,120.3,-90,4,2.11
7948,8241,1022,51.10823,17.039719,120.5,-77,4,1.07
8370,8598,1023,51.108259,17.039715,121.1,-83,4,2.19
8767,8943,1024,51.108246,17.03972,120.9,-97,3,6.14
9168,9295,1025,51.108264,17.039879,121.1,-89,3,4.53
9546,9641,1026,51.108346,17.039806,121.0,-83,4,1.5
9938,10058,1027,51.108331,17.039804,121.5,-83,4,1.3
10340,10556,1028,51.108341,17.0398,121.1,-81,4,1.0
10723,11020,1029,51.108372,17.039859,121.3,-92,4,0.99
11128,11387,1030,51.108334,17.03991,121.0,-83,4,1.8
11519,11634,1031,51.108475,17.039899,121.2,-74,4,1.33
11915,12004,1032,51.108267,17.039921,121.3,-105,4,2.15
12306,12454,1033,51.108472,17.039858,121.4,-84,4,1.26
12734,12803,1034,51.108461,17.0399,121.2,-95,4,2.18
13133,13292,1035,51.108444,17.039884,121.3,-82,4,1.09
13518,13649,1036,51.108453,17.03993,121.4,-94,4,0.94
13930,14046,1037,51.108457,17.040001,121.5,-80,4,1.24
14312,14385,1038,51.108537,17.039972,121.2,-68,4,2.04
14715,14886,1039,51.108496,17.040043,121.5,-89,4,1.53
15085,15198,1040,51.108478,17.03996,121.5,-88,3,4.23
15465,15552,1041,51.108576,17.039946,121.3,-85,4,1.08
15868,16976,1042,51.108627,17.040024,121.7,-79,4,1.24
16279,16417,1043,51.108468,17.040017,121.7,-90,4,1.63
16682,16966,1044,51.108698,17.040039,122.1,-85,4,1.27
17080,17352,1045,51.108545,17.040044,121.7,-87,4,1.85
17476,17592,1046,51.108565,17.040023,121.9,-85,4,1.66
17854,17964,1047,51.108567,17.040069,121.9,-79,4,2.02
18243,18411,1048,51.108646,17.04012,122.2,-77,3,4.46
18636,18729,1049,51.108598,17.040138,121.6,-93,4,1.26
19052,19209,1050,51.108621,17.040071,121.8,-79,4,2.19
19457,19647,1051,51.108661,17.040119,121.7,-60,4,1.3
19830,20058,1052,51.108718,17.040194,121.9,-69,4,1.4
20235,20369,1053,51.108739,17.040108,121.8,-87,4,1.93
20629,20758,1054,51.108806,17.040111,121.7,-80,4,0.92
21019,21117,1055,51.108821,17.040195,121.6,-82,4,1.34
21429,21529,1056,51.108828,17.040198,121.7,-78,4,0.92
21844,21971,1057,51.10878,17.040137,122.3,-85,4,1.0
22258,22420,1058,51.108717,17.040121,122.1,-84,4,0.81
22645,22846,1059,51.108732,17.040213,122.0,-87,3,5.93
23041,23142,1060,51.108892,17.040194,122.1,-73,4,1.33
23446,23700,1061,51.1089,17.040142,122.2,-79,4,1.93
23860,23985,1062,51.108843,17.040204,122.2,-79,4,1.62
24253,24391,1063,51.108818,17.04028,122.7,-72,3,5.44
24650,24753,1064,51.108854,17.040254,122.7,-72,4,1.53
25034,25087,1065,51.108931,17.040351,122.8,-73,3,4.67
25416,25615,1066,51.108947,17.04018,122.5,-72,3,5.16
25828,26015,1067,51.109007,17.040363,122.6,-69,4,1.99
26248,26373,1068,51.108948,17.04029,122.5,-89,4,1.94
26647,26790,1069,51.108974,17.040295,122.5,-84,4,1.06
27062,27234,1070,51.109059,17.040253,122.7,-76,4,1.63
27468,27542,1071,51.108912,17.040365,122.8,-89,4,1.62
27858,27971,1072,51.109051,17.040262,123.0,-84,4,1.54
28263,28455,1073,51.109034,17.040406,122.7,-80,4,1.47
28687,28771,1074,51.109102,17.040301,122.6,-83,4,0.92
29086,29982,1075,51.109108,17.04032,123.0,-81,3,6.16
29509,29590,1076,51.109064,17.040339,122.5,-91,4,2.06
29870,30038,1077,51.109089,17.040375,122.9,-82,4,1.68
30283,30421,1078,51.109015,17.040469,123.0,-80,4,1.17
30684,30757,1079,51.109184,17.040508,122.9,-69,4,1.19
31079,31302,1080,51.109174,17.040413,122.8,-84,4,1.65
31481,31585,1083,51.109248,17.040453,123.0,-87,4,1.37
31851,31952,1084,51.109174,17.040491,123.5,-76,4,1.42
32248,32399,1085,51.109255,17.040461,123.3,-107,4,0.88
32653,32874,1086,51.109171,17.040511,123.4,-84,4,0.99
33075,33168,1087,51.109105,17.0405,123.0,-86,4,1.35
33467,33610,1088,51.109252,17.040498,123.3,-79,4,1.78
33855,34021,1089,51.109244,17.040451,123.4,-72,4,0.87
34248,34432,1090,51.109235,17.04054,123.4,-69,4,1.27
34661,34811,1091,51.109348,17.040592,123.5,-80,4,1.77
35066,35186,1092,51.109379,17.040516,123.5,-94,4,1.91
35458,35558,1093,51.10934,17.040467,123.3,-86,4,1.07
35866,36010,1094,51.109341,17.040561,123.7,-85,4,1.82
36268,36359,1095,51.109369,17.040663,123.7,-79,4,2.14
36682,36725,1096,51.109348,17.040659,123.9,-81,4,2.07
37072,37238,1097,51.109425,17.04058,123.9,-87,4,1.91
37467,37667,1098,51.109335,17.040643,123.8,-92,3,6.33
37861,37915,1101,51.109374,17.040662,123.5,-88,4,1.13
38239,38332,1102,51.109403,17.040716,123.5,-89,4,1.69
38643,38822,1103,51.109485,17.040575,123.8,-69,3,5.44
39047,39365,1104,51.109458,17.04061,124.0,-88,4,1.37
39447,39588,1105,51.109557,17.040573,124.0,-81,4,1.49
39844,39948,1106,51.109544,17.040651,124.0,-74,3,5.73
40222,40352,1107,51.109479,17.040748,123.9,-80,4,2.13
40616,40858,1108,51.109566,17.040678,124.4,-90,4,1.21
41011,41119,1109,51.109529,17.040651,124.1,-74,4,1.14
41399,41500,1110,51.109589,17.040738,124.1,-79,4,1.64
41797,41912,1111,51.109623,17.04075,124.0,-99,4,0.98
42203,42298,1112,51.109651,17.040697,123.9,-72,4,1.62
42631,42778,1113,51.10962,17.040733,124.0,-75,4,0.92
43034,43302,1114,51.109705,17.040776,124.0,-79,4,1.49
43437,44477,1115,51.109663,17.040817,124.3,-68,4,1.67
43836,43962,1116,51.109662,17.040757,124.3,-75,4,0.9
44208,45248,1117,51.109655,17.040761,124.3,-72,4,1.09
44607,44681,1118,51.109654,17.040906,124.5,-73,4,1.27
45008,45207,1119,51.109721,17.040807,124.8,-75,3,3.52
45445,45580,1120,51.10972,17.040844,124.3,-96,4,1.75
45842,45972,1121,51.109743,17.040874,124.4,-95,4,1.54
46247,46749,1122,51.109769,17.040763,124.1,-75,3,5.62
46646,46803,1123,51.109772,17.040861,124.6,-72,4,1.43
47029,47132,1124,51.109875,17.04079,124.6,-87,4,0.82
47446,47564,1125,51.109763,17.040876,124.8,-90,4,1.88
47857,48078,1126,51.109825,17.040961,124.7,-79,4,0.86
48269,48415,1127,51.109807,17.040853,124.6,-93,3,4.26
48655,48733,1128,51.10971,17.04083,124.8,-83,4,1.56
49076,49278,1129,51.109838,17.041018,124.9,-84,4,1.54
49455,50365,1130,51.109816,17.040876,124.5,-83,4,1.79
49864,50160,1131,51.109874,17.040868,125.1,-66,4,2.0
50297,50512,1132,51.10989,17.041034,125.2,-87,3,5.02
50682,50799,1133,51.109925,17.040904,125.1,-81,4,1.56
51074,51307,1134,51.109894,17.041056,124.8,-92,4,1.01
51475,51618,1135,51.109914,17.040997,125.0,-74,4,2.03
51867,52063,1136,51.109984,17.041058,125.3,-83,3,5.05
52244,52413,1137,51.109923,17.041013,124.9,-72,4,1.93
52645,52744,1138,51.109886,17.041067,125.3,-101,4,1.75
53029,53137,1139,51.11,17.040977,125.2,-82,4,2.07
53436,53647,1140,51.11006,17.041002,125.2,-80,4,2.06
53823,53945,1141,51.110055,17.040937,125.1,-74,4,0.87
54246,54365,1142,51.110043,17.041101,125.4,-87,4,1.65
54634,54729,1143,51.110111,17.041083,125.4,-75,3,6.23
55029,55194,1144,51.110117,17.041022,125.1,-86,4,0.91
55442,55761,1145,51.11006,17.040995,125.4,-81,4,1.43
55823,55914,1147,51.110103,17.041106,125.6,-74,4,0.94
56226,56367,1148,51.110119,17.041185,125.4,-89,4,1.82
56646,56892,1149,51.110115,17.041104,125.0,-76,3,5.66
57022,57157,1150,51.11019,17.041088,125.5,-79,4,1.6
57425,58132,1151,51.110139,17.041084,125.9,-84,4,1.13
57829,57920,1152,51.110136,17.041203,125.6,-87,4,1.98
58240,58406,1153,51.110045,17.041111,125.9,-98,3,4.89
58622,58751,1154,51.110148,17.041141,125.5,-82,3,4.68
59002,59209,1155,51.110136,17.041221,125.5,-84,4,1.66
59410,60237,1156,51.110214,17.04121,125.8,-76,4,2.01
59814,60208,1159,51.110167,17.041171,125.6,-77,4,1.03
60218,60394,1160,51.110273,17.041163,125.9,-73,4,2.1
60623,60782,1161,51.110312,17.04128,125.8,-73,4,2.13
61013,61164,1162,51.110268,17.041161,126.2,-60,3,4.01
61417,61538,1163,51.110234,17.041216,125.9,-77,4,1.15
61821,61981,1164,51.110311,17.04116,126.0,-88,3,6.19
62210,62334,1165,51.110405,17.041304,126.1,-75,4,1.5
62638,62787,1166,51.110403,17.041231,126.3,-69,4,1.63
63045,64350,1167,51.110267,17.041229,126.4,-78,4,1.98
63427,63520,1168,51.110278,17.041306,126.1,-98,4,0.84
63837,64057,1169,51.110279,17.041211,126.1,-77,4,1.31
64223,64907,1170,51.11032,17.041324,125.8,-87,4,1.94
64634,64767,1171,51.110403,17.041283,126.7,-92,4,1.94
65052,65698,1172,51.110376,17.04125,126.4,-80,4,1.99
65440,65549,1173,51.110375,17.04127,126.5,-94,4,1.04
65854,66089,1174,51.110482,17.041295,126.5,-73,4,1.79
66260,67399,1175,51.110469,17.041316,126.4,-76,4,1.01
66672,66765,1176,51.11037,17.041287,126.5,-82,4,1.9
67101,67215,1177,51.110518,17.041371,126.4,-86,4,1.14
67497,67692,1178,51.110507,17.041305,126.4,-83,4,1.83
67886,68060,1179,51.110521,17.041257,126.3,-90,4,1.44
68273,68400,1180,51.110479,17.04148,126.9,-82,4,2.18
68660,68780,1181,51.110511,17.041403,126.7,-104,4,1.61
69059,69178,1182,51.110434,17.041503,127.0,-81,4,1.69
69464,69560,1183,51.110589,17.041359,127.1,-81,4,1.32
69868,70135,1184,51.110508,17.041444,126.4,-75,4,1.83
70281,70404,1185,51.110527,17.041474,126.9,-79,4,1.49
70681,70908,1186,51.110539,17.041429,126.5,-74,4,0.83
71103,71360,1187,51.110686,17.041375,126.9,-77,4,1.65
71499,71707,1188,51.110575,17.041443,126.9,-73,4,1.96
71940,72057,1189,51.110668,17.041497,126.6,-61,3,5.74
72349,72513,1190,51.110632,17.041504,126.8,-78,4,1.11
72736,72874,1191,51.110604,17.041483,127.0,-80,4,1.65
73120,73217,1192,51.110608,17.041537,127.0,-72,3,3.73
73527,73686,1193,51.110639,17.041544,126.8,-85,4,1.15
73924,74011,1194,51.110679,17.041484,126.9,-82,4,2.11
74335,74560,1195,51.110725,17.041443,126.8,-78,3,5.53
74742,74858,1196,51.110684,17.041538,126.9,-81,4,1.08
75141,75292,1197,51.110694,17.0415,127.1,-81,4,1.17
75528,75684,1198,51.110687,17.041553,127.4,-74,4,1.78
75905,76031,1199,51.110684,17.041622,127.5,-95,4,2.13
76299,76476,1200,51.110692,17.041585,127.7,-65,4,1.79
76712,76827,1201,51.110817,17.041637,127.4,-78,4,1.42
77115,77313,1202,51.110753,17.041531,127.4,-85,4,1.04
77496,77577,1203,51.110769,17.041644,127.5,-68,4,1.45
77899,78046,1204,51.11077,17.041682,127.5,-81,4,1.65
78304,78608,1205,51.110799,17.041611,127.1,-80,3,4.74
78691,78784,1206,51.110845,17.041732,127.9,-83,4,1.51
79093,79199,1207,51.110814,17.041582,127.1,-70,4,0.98
79494,79665,1208,51.110859,17.041602,127.8,-82,4,1.43
79877,80027,1209,51.110933,17.041675,127.6,-86,4,0.93
80283,80444,1210,51.110832,17.041654,127.4,-74,4,0.87
80691,80861,1211,51.110863,17.041622,127.8,-72,4,2.0
81107,81287,1212,51.110929,17.041699,127.7,-69,3,5.16
81523,81741,1213,51.110983,17.041695,127.6,-76,4,1.61
81902,82066,1214,51.110857,17.041656,127.5,-72,4,1.01
82288,82415,1215,51.110846,17.041703,127.5,-84,4,1.17
82696,82879,1217,51.110942,17.041741,127.7,-73,4,1.31
83104,83403,1218,51.110948,17.041681,127.8,-76,4,1.0
83511,84137,1219,51.111,17.041746,127.7,-77,4,0.86
83969,84063,1220,51.111003,17.041685,127.9,-94,3,6.32
84378,84595,1221,51.110985,17.041703,127.8,-85,4,0.82
84795,84928,1222,51.111051,17.041801,128.1,-82,4,0.89
85209,85267,1223,51.110975,17.041785,128.3,-77,3,5.64
85619,85815,1224,51.111031,17.041668,128.1,-62,4,1.19
86014,86127,1225,51.11097,17.041752,128.1,-75,4,1.81
86426,86561,1226,51.11104,17.041804,128.0,-88,3,5.08
86814,86973,1227,51.11098,17.041795,128.5,-85,4,1.13
87210,87361,1228,51.111008,17.041827,128.2,-70,4,1.6
87603,87788,1229,51.11116,17.041811,128.7,-86,4,2.18
88004,88121,1230,51.110994,17.041807,128.0,-73,4,0.9
88439,88610,1231,51.111085,17.041813,128.4,-81,4,1.36
88811,88937,1232,51.111148,17.041885,128.6,-83,4,0.86
89221,89409,1233,51.111229,17.041873,128.2,-86,4,1.08
89597,89776,1234,51.111137,17.041867,128.4,-106,4,2.07
89990,90086,1235,51.11115,17.04186,128.6,-77,4,0.94
90406,90622,1236,51.111151,17.041836,128.6,-90,4,2.0
90807,90919,1237,51.111212,17.041857,128.6,-93,4,1.05
91191,91384,1238,51.111192,17.041934,128.8,-80,4,2.01
91581,91743,1239,51.111152,17.041937,128.5,-73,4,1.55
91991,92283,1240,51.111246,17.041865,128.9,-95,4,2.03
92380,92508,1241,51.111178,17.04191,128.3,-73,4,1.01
92783,92904,1242,51.111131,17.041939,128.9,-89,4,1.87
93184,93322,1243,51.111142,17.041944,128.9,-76,4,1.75
93574,93698,1244,51.111221,17.041952,128.6,-77,4,1.56
94006,94198,1245,51.111247,17.041883,128.5,-83,4,1.93
94416,94489,1246,51.111299,17.041888,128.8,-81,4,1.71
94785,94876,1247,51.111294,17.042014,128.9,-85,4,2.03
95188,95279,1248,51.111276,17.042039,128.8,-79,4,1.33
95578,95782,1249,51.111332,17.041897,129.0,-79,4,1.63
95991,96268,1250,51.111292,17.041978,129.3,-89,3,5.57
96379,96513,1251,51.111237,17.042029,128.7,-92,3,4.83
96777,96907,1252,51.111236,17.041886,128.6,-73,4,1.48
97185,97328,1253,51.111385,17.041951,129.0,-80,4,2.15
97598,97820,1254,51.111218,17.042008,128.9,-75,4,1.46
97980,98076,1255,51.11133,17.041991,129.0,-87,4,1.15
98375,98529,1256,51.111499,17.04204,129.4,-88,4,1.29
98768,98974,1257,51.111382,17.042111,129.1,-90,3,5.33
99158,99329,1258,51.111358,17.042003,129.2,-83,4,2.14
99584,99735,1259,51.111294,17.042056,129.1,-80,4,2.13
99990,100198,1260,51.111468,17.042045,129.2,-86,4,1.78
100372,100419,1261,51.111458,17.042077,129.3,-69,4,1.51
100785,100968,1262,51.111441,17.042078,129.9,-87,4,1.06
101217,101324,1263,51.111416,17.042218,129.4,-80,4,0.97
101633,102597,1264,51.111453,17.042169,129.6,-89,4,0.88
102010,102181,1265,51.111427,17.042023,129.4,-87,4,0.82
102403,103560,1266,51.111395,17.042066,129.0,-82,3,5.99
102822,102954,1267,51.1115,17.04208,129.4,-88,4,1.93
103211,103415,1268,51.111459,17.042065,129.6,-81,3,5.19
103618,103884,1269,51.111497,17.042067,129.7,-78,4,2.2
104029,104265,1270,51.111473,17.042134,129.6,-73,4,2.13
104415,104684,1271,51.111511,17.042114,129.8,-90,4,1.72
104814,105002,1272,51.111497,17.042115,129.3,-80,4,1.45
105166,105310,1273,51.111501,17.042268,129.7,-82,4,1.01
105550,105623,1274,51.111516,17.042142,129.9,-96,3,5.75
105947,106073,1275,51.111672,17.042161,129.5,-91,4,1.02
106328,106427,1276,51.111573,17.042229,130.0,-78,4,1.36
106752,107085,1277,51.11167,17.042177,130.0,-92,4,2.12
107131,107261,1278,51.111549,17.042149,129.6,-82,4,1.28
107524,107671,1279,51.111543,17.042203,129.9,-98,4,1.01
107926,108100,1280,51.111513,17.042324,129.9,-82,4,1.62
108348,108490,1281,51.111656,17.042208,129.9,-98,4,1.64
108726,109001,1282,51.111539,17.042194,129.6,-86,4,1.07
109144,109253,1283,51.111683,17.042269,129.9,-85,4,1.08
109544,109695,1284,51.11155,17.042241,130.0,-81,4,2.19
109929,110033,1285,51.111653,17.042401,129.7,-84,4,1.14
110336,110418,1286,51.111538,17.042233,129.8,-91,3,4.85
110739,110848,1287,51.111603,17.042367,129.9,-91,4,1.46
111130,111267,1288,51.111635,17.042346,129.9,-94,4,1.41
111531,111648,1289,51.111612,17.042277,130.2,-80,4,1.21
111925,112031,1290,51.111642,17.042304,130.3,-80,4,1.88
112327,112406,1291,51.11165,17.042261,130.1,-76,4,2.03
112737,112872,1292,51.111706,17.042293,130.4,-86,3,4.86
113161,113237,1293,51.11157,17.042309,130.4,-95,4,0.93
113542,113731,1294,51.111654,17.042344,130.3,-84,4,0.99
113974,114118,1295,51.111753,17.042274,130.4,-81,4,1.91
114345,114423,1296,51.111726,17.042368,130.3,-91,4,1.41
114743,114866,1297,51.111769,17.042353,130.1,-90,4,0.98
115152,116104,1298,51.111751,17.042388,130.2,-78,4,1.28
115556,115715,1299,51.111667,17.042404,130.5,-81,3,4.74
115946,116185,1300,51.111762,17.042373,130.4,-72,4,1.99
116343,116409,1301,51.111741,17.042417,130.6,-68,4,1.7
116736,116882,1302,51.111857,17.042396,130.1,-94,3,5.29
117127,117258,1303,51.111792,17.042446,130.2,-85,4,1.02
117540,117723,1304,51.111785,17.042432,130.3,-81,3,5.64
117945,118746,1305,51.1118,17.042433,130.6,-79,4,0.91
118335,118438,1307,51.111798,17.042427,130.3,-73,4,1.86
118748,118871,1308,51.111804,17.042505,130.7,-76,4,1.36
119153,120155,1309,51.111776,17.042469,130.8,-72,4,1.28
119565,119780,1310,51.111823,17.04239,131.0,-81,4,1.51
119975,120116,1311,51.111851,17.042441,131.0,-87,4,1.79
120362,120661,1312,51.111864,17.042461,130.6,-66,4,1.6
120754,120890,1313,51.111865,17.04248,130.5,-80,3,5.71
121165,121270,1314,51.111901,17.042497,130.7,-83,3,5.88
121574,121650,1315,51.111888,17.042449,131.0,-90,3,4.16
121974,122042,1316,51.111871,17.042501,130.8,-80,4,1.78
122376,122450,1317,51.111789,17.042497,130.9,-73,4,1.07
122795,122950,1318,51.111796,17.042575,130.8,-86,4,0.87
123186,123357,1319,51.111848,17.042479,131.3,-83,3,6.35
123594,123668,1320,51.11187,17.042536,130.8,-80,4,2.12
123991,124191,1321,51.111944,17.04251,131.0,-78,4,1.82
124388,124503,1322,51.111742,17.042646,131.3,-84,3,5.68
124804,124952,1323,51.111836,17.042623,131.4,-85,4,1.18
125217,125483,1325,51.111885,17.042486,131.0,-86,4,1.56
125629,125829,1326,51.111851,17.042537,131.3,-90,4,2.19
126048,126173,1327,51.111868,17.042628,131.0,-88,4,2.0
126449,126547,1328,51.11189,17.042616,131.5,-88,4,1.23
126859,126918,1329,51.111874,17.042622,131.5,-94,4,1.22
127254,127359,1330,51.111889,17.042618,131.1,-74,4,1.48
127659,127787,1331,51.112002,17.042664,131.4,-79,4,1.37
128057,128151,1332,51.111972,17.042664,131.5,-80,4,1.32
128459,128591,1333,51.111985,17.042618,131.2,-71,4,1.68
128868,129012,1334,51.111952,17.042581,131.4,-76,4,0.82
129255,129382,1335,51.112011,17.042565,131.5,-88,4,1.87
129687,129794,1336,51.112009,17.042652,131.8,-72,4,1.84
130072,130221,1337,51.112003,17.042573,131.0,-74,4,1.96
130453,130620,1338,51.111946,17.042686,131.4,-90,4,1.98
130871,130961,1339,51.111963,17.042666,131.2,-74,4,1.59
131283,131993,1340,51.112044,17.042787,131.5,-85,4,1.89
131692,131826,1341,51.111972,17.042715,131.4,-74,4,1.49
132101,132242,1342,51.111939,17.042704,131.5,-84,4,2.13
132501,132686,1343,51.111983,17.042633,131.4,-86,4,1.07
132888,133041,1344,51.112094,17.042659,131.6,-85,3,4.2
133289,133493,1345,51.111995,17.042764,131.8,-89,4,1.16
133679,134275,1346,51.112044,17.042722,131.6,-93,4,0.94
134093,134202,1347,51.112003,17.042873,132.0,-101,4,1.41
134491,134652,1348,51.112078,17.04275,131.9,-90,3,4.19
134879,134967,1349,51.112072,17.042771,132.1,-60,4,1.12
135274,135420,1350,51.111977,17.042705,131.8,-78,4,1.58
135680,135818,1351,51.112071,17.042826,131.8,-67,4,1.93
136072,136200,1352,51.111979,17.042741,131.5,-84,4,1.16
136459,136591,1353,51.112041,17.042821,131.7,-85,3,4.75
136863,136928,1354,51.112074,17.042844,131.8,-68,4,1.28
137267,137379,1355,51.112173,17.042816,131.8,-78,4,1.54
137659,137804,1356,51.112102,17.042907,132.4,-89,3,6.15
138052,138201,1357,51.112053,17.042797,131.9,-76,4,1.29
138455,138547,1358,51.112081,17.04292,131.6,-71,4,2.19
138834,139066,1359,51.112149,17.042781,132.1,-93,4,1.59
139213,139312,1360,51.11207,17.042892,132.1,-78,4,1.95
139602,139808,1361,51.112168,17.042853,131.9,-92,4,1.82
139999,141037,1362,51.112093,17.042833,132.5,-72,3,5.92
140403,140511,1363,51.112079,17.042794,131.7,-80,4,1.04
140825,141109,1364,51.112105,17.042872,132.3,-76,4,1.11
141238,141324,1365,51.112054,17.042877,132.0,-83,4,1.48
141636,142329,1366,51.112032,17.04291,131.9,-96,4,1.99
142036,142244,1367,51.112142,17.042946,132.6,-85,4,1.08
142421,142528,1368,51.112148,17.042878,132.3,-74,4,2.16
142820,143064,1369,51.112169,17.043015,132.1,-66,4,0.98
143216,143342,1370,51.112157,17.042908,132.2,-79,3,5.68
143621,143778,1371,51.112283,17.042973,132.3,-87,4,1.03
144008,144163,1372,51.11218,17.042956,132.2,-77,4,1.62
144416,144548,1373,51.112108,17.04295,132.6,-75,4,2.08
144839,145032,1374,51.112126,17.04297,132.3,-80,4,1.16
145238,145430,1375,51.112187,17.04293,132.5,-81,4,1.57
145644,145713,1376,51.11217,17.042966,132.4,-80,4,1.05
146054,146289,1377,51.112135,17.042926,132.6,-81,4,1.68
146448,146519,1378,51.112199,17.042974,132.7,-79,4,0.97
146851,147062,1379,51.112204,17.042987,132.8,-67,4,1.49
147251,147470,1380,51.112291,17.043061,132.5,-98,3,4.58
147653,147743,1381,51.112171,17.04301,132.3,-83,4,1.61
148041,148159,1382,51.1122,17.043013,132.5,-89,4,1.0
148442,148531,1383,51.112306,17.043055,132.5,-72,4,1.03
148849,148977,1384,51.112247,17.043061,132.4,-83,4,1.74
149271,149394,1385,51.112189,17.043031,132.4,-77,4,1.93
149685,149876,1386,51.112205,17.043089,132.6,-70,3,4.82
150118,150354,1387,51.112184,17.043069,132.4,-90,4,1.94
150506,150750,1388,51.112254,17.043056,132.4,-86,4,2.16
150919,151030,1389,51.112306,17.04307,132.3,-71,4,1.37
151322,151450,1390,51.11234,17.04315,132.8,-90,4,1.26
151755,151826,1391,51.112189,17.043088,132.8,-85,4,0.84
152143,152244,1392,51.112312,17.043133,132.6,-94,4,1.43
152530,152735,1393,51.112281,17.043064,132.9,-71,4,1.71
152921,153188,1394,51.112264,17.043193,132.6,-86,4,1.94
153289,153374,1395,51.112261,17.043117,132.9,-79,3,6.05
153681,153791,1396,51.11219,17.043174,132.8,-76,4,1.52
154070,154208,1397,51.112322,17.04315,132.7,-88,4,1.73
154472,154628,1398,51.112229,17.043191,132.7,-97,4,1.57
154877,154978,1399,51.112262,17.043202,132.7,-83,3,3.76
155306,155471,1400,51.112325,17.043182,132.9,-83,4,1.91
155720,155835,1401,51.112217,17.043104,133.0,-82,4,1.04
156111,156250,1402,51.112246,17.043261,132.8,-82,4,2.07
156498,156672,1403,51.112378,17.043208,132.8,-85,3,4.57
156905,157045,1404,51.112327,17.043242,133.0,-86,4,1.31
157285,157402,1405,51.112292,17.043267,132.7,-79,4,1.33
157713,157846,1406,51.112336,17.043218,133.0,-88,4,1.84
158130,158978,1407,51.112367,17.043275,133.3,-82,4,1.44
158523,158643,1408,51.112394,17.043221,132.9,-86,3,5.71
158898,159024,1409,51.112286,17.043287,133.0,-79,4,2.09
159318,159583,1410,51.112295,17.043277,133.3,-73,4,1.4
159716,159891,1411,51.112381,17.043264,133.3,-72,4,1.08
160135,160259,1412,51.112386,17.043296,133.1,-71,3,4.64
160511,160696,1413,51.112291,17.04325,133.1,-84,4,1.11
160902,161024,1414,51.112313,17.043327,132.9,-84,4,1.09
161302,161525,1415,51.112357,17.043341,133.3,-92,4,1.56
161703,161865,1416,51.112372,17.043346,132.9,-84,4,1.35
162096,162230,1417,51.112377,17.043413,132.8,-84,4,1.6
162505,162672,1418,51.11231,17.043342,133.4,-86,4,2.2
162889,162963,1419,51.112385,17.043354,133.3,-86,4,2.0
163287,163376,1420,51.11235,17.043306,133.4,-95,3,4.73
163689,163775,1421,51.112332,17.043452,133.1,-92,4,0.87
164097,164245,1422,51.112394,17.043308,133.4,-81,4,1.65
164507,164786,1423,51.112392,17.043403,133.2,-81,4,1.68
164890,165231,1424,51.112442,17.04337,133.3,-78,4,2.03
165267,165447,1425,51.112363,17.043413,133.6,-84,4,1.68
165687,165858,1426,51.112421,17.043353,133.4,-81,4,1.12
166092,166691,1427,51.112335,17.043472,133.3,-71,4,1.46
166480,166592,1428,51.112404,17.043389,133.1,-82,3,4.05
166904,167006,1429,51.112444,17.043504,133.5,-87,4,2.09
167305,167414,1430,51.112452,17.043408,133.7,-91,4,1.13
167723,167853,1431,51.112456,17.043513,133.3,-75,3,4.37
168124,168239,1432,51.112473,17.043432,133.6,-95,4,1.02
168555,168618,1433,51.112414,17.043451,133.3,-88,4,1.5
168981,169169,1434,51.112465,17.043491,133.7,-78,4,0.93
169378,169469,1435,51.112537,17.043458,133.5,-97,4,2.12
169792,169946,1436,51.112424,17.043466,133.6,-86,4,1.69
170202,170522,1438,51.11252,17.043477,133.4,-80,4,2.0
170622,170718,1439,51.112498,17.043544,133.7,-85,4,2.2
171008,171058,1440,51.112445,17.043537,133.5,-89,4,1.06
171418,171542,1441,51.112453,17.043549,133.5,-86,3,4.74
171834,172051,1442,51.112471,17.04354,133.3,-75,4,2.04
172208,172514,1443,51.11251,17.043593,133.5,-67,3,3.54
172590,172675,1444,51.112493,17.043627,133.6,-80,4,1.7
172959,173129,1445,51.112452,17.043613,133.8,-97,4,1.37
173355,174345,1446,51.112376,17.043583,133.8,-77,4,1.74
173766,173900,1447,51.112517,17.043542,133.6,-85,4,1.35
174189,174592,1448,51.11239,17.043513,133.7,-90,4,1.47
174590,174666,1449,51.112422,17.043618,134.1,-88,3,4.89
175014,175168,1450,51.112474,17.043531,133.8,-88,4,0.81
175393,175561,1451,51.112437,17.043631,133.7,-93,4,0.88
175768,175984,1452,51.112517,17.04372,133.5,-82,4,1.07
176167,176312,1453,51.112489,17.043602,133.6,-67,4,1.44
176573,176731,1454,51.112547,17.043605,133.7,-90,3,5.75
176972,177091,1455,51.112431,17.043711,134.2,-67,4,1.02
177341,177496,1456,51.112482,17.043548,133.7,-80,4,1.89
177740,177862,1457,51.112518,17.043717,133.9,-82,4,1.87
178120,178299,1458,51.112524,17.043781,134.0,-84,4,1.91
178530,178650,1459,51.11256,17.043673,134.1,-88,4,2.09
178936,179098,1460,51.112483,17.043675,133.9,-79,4,0.97
179322,179460,1461,51.112509,17.043766,133.8,-77,4,1.03
179714,179933,1462,51.112561,17.043688,133.8,-101,4,1.27
180098,180235,1463,51.112429,17.043796,134.0,-61,4,2.08
180497,180565,1464,51.112561,17.043711,133.8,-96,4,1.89
180912,181143,1465,51.112584,17.043864,133.8,-86,4,1.25
181297,181394,1466,51.112482,17.043818,133.9,-102,4,0.92
181704,181811,1467,51.112537,17.043797,133.8,-84,4,1.66
182096,182206,1468,51.11263,17.04389,134.4,-85,4,1.16
182485,182727,1469,51.112592,17.043866,134.2,-86,4,1.54
182883,182942,1470,51.112585,17.043843,134.4,-79,4,2.12
183267,183758,1471,51.112615,17.043741,134.2,-83,4,1.6
183659,183872,1472,51.112659,17.043809,134.4,-77,3,3.58
184041,184194,1473,51.112573,17.043908,134.2,-91,4,1.35
184471,184607,1474,51.112556,17.043799,134.3,-81,3,5.45
184871,185027,1475,51.112629,17.043836,133.7,-87,4,2.05
185261,185433,1476,51.112573,17.043833,134.0,-84,4,1.62
185664,185845,1477,51.11254,17.043914,134.2,-79,4,1.66
186062,186236,1478,51.112562,17.043952,134.2,-86,4,1.8
186459,186604,1479,51.112608,17.043962,134.2,-82,4,2.03
186868,186997,1480,51.112573,17.043882,134.3,-91,4,0.92
187279,187410,1481,51.112581,17.043954,134.3,-73,3,4.94
187671,187800,1482,51.112551,17.043899,134.4,-76,4,1.36
188063,188283,1483,51.112678,17.043944,134.4,-81,4,2.07
188459,188636,1484,51.112592,17.043991,134.5,-83,4,2.14
188824,188867,1485,51.112577,17.044028,134.5,-82,4,0.97
189201,189382,1486,51.112586,17.043878,134.3,-73,4,0.97
189622,189773,1487,51.112659,17.044,134.7,-76,4,2.11
190047,190185,1488,51.112651,17.044076,134.6,-73,4,1.21
190443,190562,1489,51.112601,17.044028,134.2,-84,4,1.14
190852,191071,1490,51.112631,17.04403,134.4,-78,4,0.85
191256,191460,1491,51.112646,17.044008,134.0,-72,4,1.19
191702,191804,1492,51.112601,17.044116,134.0,-89,4,1.77
192119,192283,1493,51.112562,17.044031,134.3,-89,3,6.23
192517,192611,1494,51.112668,17.044063,134.2,-79,4,1.52
192903,192983,1495,51.112614,17.044055,134.3,-91,4,2.08
193279,193387,1496,51.112671,17.044094,134.5,-96,4,0.96
193682,193879,1497,51.112669,17.04417,134.7,-72,3,5.09
194071,194275,1498,51.112659,17.044064,134.7,-71,4,1.99
194449,194620,1499,51.112638,17.044126,134.5,-91,4,1.88
194840,195027,1500,51.112631,17.04415,134.2,-93,4,1.17
195223,195395,1501,51.112609,17.044101,134.3,-87,3,6.07
195649,195757,1502,51.112639,17.044149,134.6,-71,4,1.23
196062,196228,1503,51.112701,17.044255,134.3,-85,4,1.71
196462,196654,1504,51.112746,17.044085,134.2,-81,4,0.89
196884,197073,1505,51.112742,17.044163,134.6,-79,4,1.49
197285,197510,1506,51.11269,17.044207,134.5,-80,4,0.99
197672,197857,1507,51.112756,17.044186,134.5,-70,4,1.95
198095,198256,1508,51.112675,17.04436,134.7,-87,4,1.33
198503,198717,1509,51.112629,17.044254,134.8,-82,4,1.54
198888,199026,1510,51.112793,17.044185,134.9,-80,4,0.84
199285,199383,1511,51.112727,17.044132,134.4,-82,4,0.88
199672,199803,1512,51.112627,17.044276,134.6,-91,3,4.59
200051,200154,1513,51.112785,17.044232,134.6,-93,4,1.87
200465,200571,1514,51.112673,17.044345,134.6,-93,3,4.01
200893,201025,1515,51.112688,17.044278,134.4,-76,4,1.83
201272,201373,1516,51.112769,17.044274,134.3,-88,4,0.95
201681,201804,1517,51.112789,17.044285,134.6,-78,4,1.77
202071,202136,1518,51.112674,17.044374,134.5,-81,4,1.05
202464,202616,1519,51.112802,17.044357,134.8,-89,3,5.44
202855,202995,1520,51.112775,17.044435,134.3,-89,4,1.86
203242,203342,1523,51.112695,17.044347,134.4,-80,4,2.05
203643,203825,1524,51.112726,17.044412,134.6,-81,4,1.8
204030,204233,1525,51.112818,17.044424,134.4,-78,4,1.93
204434,204507,1526,51.112668,17.044425,135.0,-85,4,2.19
204833,204936,1527,51.112818,17.044377,134.6,-88,4,0.99
205230,205332,1528,51.112795,17.044437,134.6,-81,4,2.15
205616,205712,1529,51.112782,17.04442,134.8,-70,4,1.64
206008,206203,1530,51.112767,17.04443,134.9,-97,4,1.94
206419,207355,1531,51.112862,17.044407,134.8,-88,4,1.71
206826,206951,1532,51.112873,17.044353,134.7,-77,4,1.6
207212,207274,1533,51.11274,17.044533,134.5,-80,4,1.79
207613,207793,1534,51.112805,17.044503,134.9,-77,3,5.22
208025,208110,1535,51.112872,17.044426,135.0,-85,4,2.09
208399,208542,1536,51.112743,17.04454,134.7,-94,4,0.96
208808,208964,1537,51.112798,17.044579,134.6,-68,4,1.25
209198,209439,1538,51.11284,17.044566,134.8,-73,4,0.84
209606,209688,1539,51.112692,17.044494,134.8,-82,4,1.18
209995,210882,1540,51.112838,17.044514,134.5,-88,4,1.11
210368,210518,1541,51.112746,17.044534,134.7,-85,4,0.87
210743,211030,1542,51.112814,17.044616,135.1,-80,4,1.49
211144,211373,1543,51.112865,17.044609,134.5,-84,3,6.06
211548,211700,1544,51.112692,17.044736,134.7,-82,3,5.63
211934,212049,1545,51.112855,17.044526,134.6,-69,4,1.17
212344,212537,1546,51.112921,17.044617,134.6,-74,4,2.13
212719,212813,1547,51.112797,17.044535,134.7,-91,4,0.96
213118,213287,1548,51.112856,17.044673,134.9,-81,4,1.23
213500,213671,1549,51.112898,17.044709,135.1,-86,4,0.85
213890,214103,1550,51.112755,17.044739,134.9,-79,4,1.01
214291,214713,1551,51.112877,17.044688,134.7,-82,4,1.78
214678,214841,1552,51.112894,17.044595,135.2,-60,4,1.31
215072,215186,1553,51.112879,17.0447,134.4,-78,4,1.43
215487,215625,1554,51.112855,17.044736,135.0,-83,4,1.02
215879,216449,1555,51.112805,17.044676,134.7,-67,4,1.75
216291,216397,1556,51.112929,17.044725,134.9,-80,3,6.39
216674,216792,1557,51.112865,17.044686,135.0,-94,4,1.05
217082,217195,1558,51.112822,17.044732,134.6,-82,3,4.4
217504,217652,1559,51.112855,17.04482,134.9,-77,4,0.91
217867,217967,1560,51.112894,17.04482,134.9,-78,4,1.72
218255,218474,1561,51.112801,17.044729,135.2,-73,4,0.99
218663,218803,1562,51.112884,17.044775,135.4,-80,4,1.49
219060,219199,1563,51.112867,17.044826,134.6,-81,4,1.01
219466,219588,1564,51.112959,17.044846,135.2,-93,4,1.04
219857,220005,1565,51.112802,17.044814,134.9,-69,4,0.81
220258,220452,1566,51.112947,17.044883,134.8,-84,4,1.25
220656,220754,1567,51.112975,17.04487,135.0,-89,4,0.93
221073,221180,1568,51.112817,17.044755,134.7,-60,4,1.35
221477,221600,1569,51.112827,17.044868,134.7,-68,4,1.64
221882,221963,1570,51.113007,17.044879,134.6,-85,3,5.18
222276,222376,1571,51.112877,17.044955,135.0,-97,4,1.79
222669,222784,1572,51.113081,17.044968,135.0,-87,4,1.84
223062,223260,1573,51.11284,17.044862,134.8,-69,3,4.13
223468,223623,1574,51.112943,17.04498,135.3,-80,4,2.11
223862,224013,1575,51.112938,17.044967,134.8,-92,4,1.13
224266,224462,1576,51.112933,17.04499,135.2,-75,4,1.07
224697,224829,1577,51.112972,17.044965,135.0,-83,4,1.65
225110,225273,1578,51.112979,17.045005,134.8,-87,4,1.63
225505,225639,1579,51.112949,17.045079,134.9,-86,4,1.51
225923,226078,1580,51.112911,17.045039,134.7,-71,4,0.81
226317,226427,1581,51.113019,17.045044,135.0,-77,4,1.58
226687,226739,1582,51.113003,17.045035,135.0,-93,4,2.11
227072,227204,1583,51.112982,17.045124,135.1,-79,3,6.11
227444,227691,1584,51.11301,17.04502,135.2,-81,4,2.15
227838,228040,1585,51.113024,17.045057,135.0,-85,3,4.56
228239,228444,1586,51.112952,17.045043,134.7,-84,4,1.0
228664,228893,1587,51.113023,17.045133,135.2,-88,4,1.36
229069,229214,1588,51.112972,17.045195,135.0,-87,4,1.49
229465,229616,1589,51.113044,17.045132,134.6,-79,4,1.68
229878,229987,1590,51.113,17.045108,135.1,-84,4,1.51
230245,230368,1591,51.113045,17.045256,135.1,-77,4,1.55
230648,230827,1592,51.112997,17.04521,134.9,-88,4,0.83
231060,231286,1593,51.113057,17.045214,135.0,-76,4,1.16
231438,231570,1594,51.11298,17.045204,134.9,-71,4,1.23
231855,231971,1595,51.113036,17.04526,135.1,-82,4,2.18
232260,232400,1596,51.113088,17.045253,135.0,-77,4,1.21
232654,232832,1597,51.113067,17.045229,134.8,-77,4,2.06
233063,233141,1598,51.113058,17.04525,135.3,-86,4,1.23
233497,233552,1599,51.113144,17.045228,134.9,-77,4,0.93
233900,234012,1600,51.11311,17.045235,134.5,-100,4,1.15
234304,235431,1601,51.113107,17.045291,134.9,-103,4,1.18
234697,234811,1602,51.113102,17.045376,135.2,-84,4,2.17
235084,235931,1603,51.113114,17.04528,135.0,-76,3,3.66
235496,235612,1604,51.113163,17.045387,134.7,-82,4,2.1
235884,236134,1605,51.113064,17.045319,134.8,-76,4,1.97
236285,236444,1606,51.113141,17.045283,134.8,-91,3,5.78
236677,237369,1607,51.113114,17.045413,134.9,-74,3,5.82
237085,237264,1608,51.113082,17.04548,134.9,-68,3,6.38
237490,237578,1609,51.113102,17.045369,135.1,-87,4,1.73
237905,238117,1610,51.113123,17.045347,135.0,-75,4,1.17
238298,238433,1611,51.113075,17.045462,135.0,-81,4,1.37
238694,238877,1612,51.113166,17.045407,135.4,-78,4,1.63
239079,239170,1613,51.113123,17.045493,135.2,-68,4,0.85
239472,239547,1614,51.113138,17.045537,135.1,-79,4,1.48
239878,240072,1615,51.113208,17.04551,134.6,-75,3,3.71
240289,240451,1616,51.113152,17.045548,134.8,-92,4,1.49
240675,240772,1617,51.113229,17.045562,134.7,-76,4,1.57
241088,241186,1618,51.113131,17.045584,134.8,-69,4,1.08
241509,241728,1619,51.113108,17.045551,135.1,-89,4,1.91
241915,242001,1620,51.113154,17.045601,134.9,-84,4,1.3
242343,242613,1621,51.113033,17.045584,135.2,-76,4,2.14
242731,242828,1622,51.113225,17.045609,135.1,-78,3,3.84
243113,243293,1623,51.113134,17.045756,135.0,-92,4,2.08
243486,243608,1624,51.113161,17.045629,135.2,-80,4,0.92
243909,245135,1625,51.113234,17.045556,135.3,-84,4,1.27
244318,244430,1626,51.11321,17.045635,135.1,-89,4,2.12
244718,244849,1627,51.113188,17.045644,135.0,-71,4,1.93
245122,245264,1628,51.113114,17.04566,135.1,-81,4,2.08
245505,245598,1629,51.113287,17.045735,134.7,-74,4,1.6
245942,246130,1630,51.113264,17.045758,134.9,-91,4,1.47
246343,247323,1631,51.113337,17.04571,135.0,-77,4,0.95
246745,246872,1632,51.113211,17.04566,134.9,-73,3,5.45
247156,247250,1633,51.113174,17.045749,134.8,-83,4,1.84
247563,247613,1634,51.113303,17.045731,135.2,-85,4,0.88
247967,248096,1635,51.11325,17.045782,135.0,-92,4,1.09
248355,248722,1636,51.113297,17.04578,135.0,-88,4,1.58
248762,248953,1637,51.113353,17.045861,135.2,-85,4,1.76
249190,249328,1638,51.113298,17.045828,134.9,-89,4,0.99
249610,249736,1639,51.113293,17.045802,134.9,-88,3,5.35
250034,250175,1640,51.113303,17.045774,135.2,-80,4,1.07
250426,250600,1641,51.113216,17.045855,134.6,-79,4,1.11
250812,250899,1642,51.11336,17.04587,134.9,-73,4,2.09
251210,251428,1643,51.11337,17.045873,134.8,-88,4,1.8
251611,251797,1644,51.113344,17.04594,135.0,-81,4,1.83
252027,252213,1645,51.113249,17.045846,135.0,-85,3,4.96
252402,252568,1646,51.113325,17.045892,135.0,-85,4,1.3
252825,252966,1647,51.11341,17.045947,135.1,-84,4,1.87
253222,253405,1648,51.113317,17.045931,134.8,-83,3,6.09
253616,253793,1649,51.113411,17.045956,134.9,-79,4,1.78
254001,254122,1650,51.113361,17.045985,135.0,-84,3,5.66
254376,254487,1651,51.113401,17.046037,135.1,-72,4,1.8
254788,254933,1652,51.113352,17.046012,134.6,-95,4,2.06
255189,255449,1653,51.113384,17.045934,134.9,-73,4,0.98
255570,255655,1654,51.113408,17.046017,134.8,-84,4,1.17
255950,256027,1655,51.113339,17.046086,134.9,-83,4,2.09
256345,256494,1656,51.113414,17.046114,134.8,-82,4,2.12
256770,256912,1657,51.113273,17.046132,134.7,-76,4,1.48
257167,257317,1658,51.113385,17.046161,134.6,-89,4,1.32
257544,257698,1659,51.11345,17.046127,134.8,-87,4,1.2
257940,258068,1660,51.113486,17.046149,134.9,-77,4,1.5
258336,258590,1661,51.113461,17.0461,134.7,-95,4,2.11
258696,258769,1662,51.113375,17.046057,135.1,-82,4,1.01
259095,259195,1663,51.113503,17.04611,135.3,-88,4,1.39
259491,259625,1664,51.113402,17.04616,134.9,-90,4,2.08
259902,259974,1665,51.113497,17.046143,134.8,-95,4,1.29
260330,260460,1666,51.113419,17.046211,134.6,-75,3,4.46
260747,261019,1667,51.113443,17.046218,134.9,-80,4,1.34
261143,261284,1668,51.113442,17.046303,135.1,-87,4,1.93
261526,261679,1669,51.113504,17.046222,135.2,-83,3,4.25
261965,262049,1670,51.113495,17.046293,135.1,-90,3,6.19
262365,262474,1671,51.113538,17.04628,134.9,-86,4,1.98
262766,262886,1672,51.113519,17.046266,134.8,-83,4,2.18
263165,263288,1673,51.113452,17.046295,134.5,-81,4,2.18
263568,263801,1674,51.11355,17.046244,134.7,-78,4,1.41
263966,264140,1675,51.113456,17.0464,134.7,-96,3,5.22
264357,264446,1676,51.113508,17.046448,134.7,-78,4,1.22
264749,264903,1677,51.113542,17.046379,134.6,-95,4,1.24
265149,265319,1678,51.113546,17.04641,134.9,-78,4,1.49
265541,265761,1679,51.113494,17.046409,134.7,-83,4,1.08
265930,266193,1680,51.113653,17.046398,134.6,-73,4,1.8
266332,266425,1681,51.113675,17.04649,134.5,-87,4,1.55
266728,266829,1682,51.113713,17.046486,134.7,-75,4,2.06
267150,267234,1683,51.113666,17.04634,135.0,-91,4,1.93
267510,267637,1684,51.113597,17.046449,134.7,-81,4,1.25
267927,268095,1685,51.113605,17.046414,134.7,-98,4,1.51
268346,268553,1687,51.11361,17.04661,135.0,-74,4,1.85
268714,268849,1689,51.113741,17.046539,134.9,-68,4,1.07
269109,269232,1690,51.113645,17.046575,134.7,-87,3,3.81
269504,269652,1691,51.113723,17.046561,134.7,-81,4,1.99
269883,269983,1692,51.113727,17.04665,134.5,-78,4,0.99
270271,270593,1693,51.113686,17.046653,134.5,-94,4,2.05
270654,270727,1694,51.113612,17.046615,134.6,-87,4,2.08
271081,271231,1695,51.113689,17.046728,134.6,-88,4,1.44
271495,271809,1696,51.11371,17.046667,134.4,-62,4,1.93
271914,272054,1697,51.113775,17.0466,134.7,-73,4,1.31
272325,272454,1698,51.113721,17.046694,134.5,-83,4,2.0
272708,272829,1699,51.113668,17.046731,134.8,-75,4,1.95
273100,273230,1700,51.113787,17.046714,134.5,-80,4,0.91
273507,273749,1701,51.113735,17.046716,134.5,-77,4,1.62
273889,274743,1702,51.113628,17.046841,134.3,-90,4,1.7
274299,274557,1703,51.113781,17.046709,134.3,-71,4,0.8
274696,274775,1704,51.113799,17.046647,134.8,-88,4,2.17
275090,275215,1705,51.113741,17.046882,134.5,-87,4,1.37
275501,275618,1706,51.113783,17.046755,134.6,-77,4,1.52
275908,276085,1707,51.113834,17.046818,134.8,-79,4,1.07
276302,276375,1708,51.113827,17.04683,134.2,-81,3,6.27
276719,276887,1709,51.113742,17.046927,134.6,-75,4,1.93
277103,277417,1710,51.113892,17.046953,134.1,-91,4,1.62
277513,277594,1711,51.113924,17.046833,134.3,-67,4,1.9
277921,278072,1712,51.113823,17.046981,134.2,-86,4,1.82
278317,278424,1713,51.113762,17.046997,134.6,-82,4,1.13
278722,278888,1714,51.113906,17.046947,134.0,-67,3,4.77
279103,279244,1715,51.113843,17.047009,134.3,-87,4,1.01
279517,279625,1716,51.113913,17.04703,134.1,-73,4,0.86
279914,280084,1717,51.114006,17.046982,134.2,-83,4,0.89
280306,280594,1718,51.113828,17.047003,134.2,-88,4,2.12
280722,281680,1719,51.113875,17.047057,134.6,-85,3,6.11
281111,281297,1720,51.113915,17.046962,134.3,-77,4,0.93
281490,281573,1721,51.114,17.047042,134.7,-73,3,4.42
281867,281962,1722,51.114123,17.047016,134.7,-80,4,0.96
282276,282896,1723,51.113967,17.047164,134.7,-94,4,1.97
282657,282910,1724,51.113883,17.047091,134.3,-76,4,1.49
283083,283244,1725,51.113957,17.04714,134.3,-83,4,1.67
283452,283575,1726,51.113946,17.047131,134.3,-90,3,6.2
283877,284016,1727,51.114031,17.047145,134.2,-79,4,1.79
284280,284364,1728,51.114024,17.047186,134.3,-72,4,1.25
284679,284857,1729,51.113963,17.047155,134.0,-81,4,0.99
285071,285270,1730,51.113984,17.047199,133.8,-74,3,5.6
285477,285593,1731,51.114018,17.047215,134.3,-78,3,4.79
285876,285992,1732,51.114034,17.047221,134.1,-78,4,2.07
286293,286448,1733,51.114054,17.047278,134.0,-84,4,1.23
286694,286811,1734,51.114069,17.047253,134.0,-75,4,1.07
287097,287695,1735,51.114139,17.047372,134.4,-74,4,2.1
287491,287815,1736,51.114068,17.04734,134.2,-75,4,0.95
287890,288016,1737,51.114071,17.047258,133.8,-84,4,0.87
288295,288416,1738,51.114042,17.04737,133.9,-74,4,2.03
288669,288777,1739,51.114108,17.047325,134.0,-78,4,1.78
289049,289237,1740,51.114143,17.047383,134.2,-89,4,1.39
289460,289590,1741,51.114055,17.047356,133.9,-85,4,1.85
289863,289970,1742,51.114135,17.0473,134.0,-86,4,1.84
290260,290497,1743,51.114221,17.047425,134.0,-97,4,0.86
290660,290907,1744,51.114206,17.047372,134.0,-73,4,1.75
291066,291176,1745,51.114203,17.047481,133.5,-60,4,1.7
291458,291524,1746,51.114226,17.047486,134.0,-72,4,2.15
291846,292055,1747,51.114178,17.047464,133.6,-80,4,2.15
292249,292355,1748,51.114182,17.047602,133.9,-86,4,1.33
292634,292826,1749,51.114292,17.047466,133.8,-89,4,1.63
293040,293103,1750,51.114281,17.047514,133.7,-80,4,1.0
293415,293615,1751,51.114213,17.047506,134.1,-74,4,0.89
293830,293916,1752,51.114168,17.047681,133.7,-87,4,1.41
294237,294424,1753,51.114237,17.047664,133.8,-61,4,1.77
294641,294781,1754,51.114312,17.047542,134.0,-93,4,1.59
295056,295151,1755,51.114263,17.047589,133.7,-80,4,1.4
295481,295599,1756,51.114324,17.047608,133.7,-81,4,1.95
295896,296080,1757,51.114389,17.047637,133.8,-81,3,3.64
296268,296414,1758,51.114325,17.04763,133.9,-86,4,1.82
296649,296825,1759,51.114353,17.047669,134.1,-81,4,0.91
297040,297348,1760,51.114387,17.047767,133.6,-85,4,1.92
297440,297514,1761,51.114311,17.047831,133.6,-71,4,2.09
297848,298589,1762,51.114338,17.047674,133.7,-69,3,6.01
298237,298382,1763,51.114424,17.047716,133.8,-85,4,1.36
298640,298737,1764,51.114402,17.047796,133.5,-95,4,2.18
299029,299111,1765,51.114418,17.047724,133.8,-79,4,1.64
299419,299548,1766,51.114425,17.047832,133.5,-79,4,1.52
299798,301065,1767,51.114484,17.047865,133.3,-81,4,1.05
300184,300317,1768,51.114469,17.04789,133.7,-77,4,1.59
300564,300820,1769,51.114481,17.047898,133.7,-70,4,1.41
300950,301028,1770,51.114532,17.047863,133.8,-75,4,0.98
301365,301504,1771,51.114563,17.047898,133.2,-77,4,1.45
301751,301835,1772,51.114607,17.047866,133.4,-75,4,1.03
302191,302352,1773,51.114478,17.047965,133.5,-79,4,1.82
302598,302797,1774,51.114643,17.04804,133.9,-89,4,2.16
303001,303119,1775,51.114477,17.048,133.5,-70,4,1.46
303388,303437,1776,51.114641,17.04796,133.2,-81,4,1.69
303798,303949,1777,51.114524,17.048062,133.5,-89,4,1.4
304190,304356,1778,51.114565,17.048148,133.7,-91,3,5.48
304592,305557,1779,51.114582,17.04806,133.7,-89,4,2.16
305030,305259,1780,51.11455,17.048093,133.5,-91,4,0.98
305429,305520,1781,51.11461,17.048117,133.5,-76,4,0.96
305846,306029,1782,51.114577,17.04802,132.9,-83,4,1.44
306235,306460,1783,51.114569,17.048097,133.4,-75,4,1.72
306635,306703,1786,51.114641,17.04811,133.4,-72,4,1.3
307061,307220,1787,51.114735,17.048195,133.3,-74,4,1.07
307452,307566,1788,51.114656,17.048207,133.5,-76,4,1.95
307879,308014,1789,51.114728,17.048183,133.3,-79,4,1.31
308290,308450,1790,51.114652,17.048178,133.2,-83,4,1.07
308681,308796,1791,51.114642,17.04814,133.5,-82,4,1.31
309091,309197,1792,51.114742,17.048241,133.2,-77,4,1.1
309505,309646,1793,51.11482,17.048212,133.2,-89,4,1.53
309915,310005,1794,51.114756,17.048224,133.4,-82,4,1.74
310291,310381,1795,51.114799,17.048342,133.0,-87,4,1.92
310680,310863,1796,51.114846,17.048354,132.9,-72,4,1.12
311076,311164,1797,51.114782,17.048307,133.4,-76,3,5.75
311475,311657,1798,51.11479,17.04827,133.0,-64,4,0.83
311885,312053,1799,51.114834,17.048325,133.2,-88,4,1.12
312287,312357,1800,51.114856,17.048434,132.7,-87,4,0.83
312667,312773,1801,51.114767,17.048426,132.6,-81,4,1.28
313073,313298,1802,51.114865,17.048397,133.1,-87,4,1.0
313482,313576,1803,51.114863,17.048441,133.0,-77,4,1.61
313891,314007,1804,51.114837,17.048353,133.1,-82,4,1.34
314307,314475,1805,51.114886,17.048367,133.4,-85,4,0.93
314719,314910,1806,51.114845,17.048591,132.7,-73,3,6.09
315126,315252,1807,51.114841,17.048536,133.0,-96,4,1.09
315525,315635,1808,51.114933,17.048528,133.2,-77,4,1.75
315900,316147,1809,51.114988,17.048526,132.7,-86,4,1.31
316307,316587,1810,51.114939,17.048476,132.8,-75,4,1.01
316710,316917,1811,51.114922,17.048632,132.5,-73,4,1.29
317114,317258,1812,51.114944,17.048543,133.3,-100,4,1.11
317495,317596,1813,51.115025,17.048654,132.4,-83,4,1.91
317878,317978,1814,51.115095,17.048643,133.0,-81,3,4.02
318294,318466,1815,51.115064,17.048652,132.5,-100,4,0.84
318694,318859,1816,51.115104,17.048608,132.6,-80,4,1.77
319104,319349,1817,51.115,17.048626,133.0,-86,4,1.17
319504,319685,1818,51.115063,17.048728,132.6,-91,4,0.89
319905,319981,1819,51.115131,17.048731,132.8,-87,4,0.82
320319,320532,1820,51.115024,17.048748,133.0,-88,4,2.03
320711,320804,1821,51.115075,17.048778,132.7,-86,4,1.3
321113,321233,1822,51.115169,17.048685,132.8,-80,4,2.19
321506,321660,1823,51.115149,17.048851,132.6,-74,3,4.7
321899,322210,1824,51.115102,17.0488,132.6,-82,4,1.06
322294,322779,1825,51.115083,17.048895,132.4,-73,4,1.89
322698,322876,1826,51.115245,17.048754,132.9,-90,4,2.1
323091,323221,1827,51.11509,17.048901,132.7,-80,4,1.94
323509,323682,1828,51.115238,17.048919,132.6,-65,4,1.84
323896,324095,1829,51.115194,17.048835,132.6,-94,4,1.27
324293,324416,1830,51.115287,17.048896,132.3,-95,3,6.04
324687,324974,1831,51.115197,17.048893,132.6,-71,3,3.74
325108,325261,1832,51.115394,17.049007,132.7,-80,4,1.43
325511,325681,1833,51.115298,17.048998,132.1,-86,4,2.14
325927,326109,1834,51.115321,17.049081,132.5,-91,4,1.81
326304,326469,1835,51.115268,17.049029,132.4,-82,4,1.96
326708,326903,1836,51.115314,17.049074,132.2,-80,4,1.19
327122,327231,1837,51.11533,17.049114,132.1,-80,4,1.76
327523,327634,1838,51.11544,17.049102,132.5,-91,4,2.01
327939,328029,1839,51.115385,17.049073,132.3,-84,3,4.43
328331,328497,1840,51.115406,17.049082,132.2,-86,4,1.4
328752,328943,1841,51.11542,17.049125,132.3,-76,4,1.81
329187,329355,1842,51.11544,17.049187,132.2,-90,4,1.58
329581,329854,1843,51.115354,17.049128,132.0,-81,4,2.19
329975,330114,1844,51.11554,17.049217,132.2,-60,4,1.4
330397,330579,1845,51.115409,17.049219,132.1,-91,4,1.05
330820,330910,1846,51.115465,17.049159,131.7,-87,4,1.46
331212,331331,1847,51.115559,17.04927,131.9,-82,4,1.13
331606,331790,1848,51.115594,17.049265,131.8,-105,4,1.59
332002,332198,1849,51.115552,17.049249,131.7,-93,4,0.98
332382,332506,1850,51.115501,17.049301,132.1,-79,4,2.13
332768,332904,1851,51.115548,17.049288,131.8,-83,4,2.0
333153,333229,1852,51.115565,17.049344,132.2,-73,4,1.02
333541,333662,1853,51.115582,17.049342,131.6,-83,4,1.04
333941,334140,1854,51.115525,17.049292,131.8,-84,4,1.52
334344,334520,1855,51.115665,17.049381,131.8,-87,4,1.88
334768,334939,1856,51.115623,17.049384,131.5,-84,3,4.0
335153,335295,1857,51.115596,17.049456,131.8,-91,3,6.05
335567,335707,1858,51.115622,17.049487,131.5,-83,4,1.56
335964,336071,1859,51.115676,17.049436,131.8,-89,4,1.77
336363,336548,1860,51.115607,17.049441,131.9,-91,4,1.14
336774,336939,1861,51.115736,17.049415,131.8,-87,3,6.22
337157,337327,1862,51.115719,17.049476,131.8,-78,4,2.13
337562,337675,1863,51.115801,17.04952,131.9,-80,4,0.99
337965,338024,1864,51.115742,17.049487,131.6,-76,4,1.52
338372,338589,1865,51.115699,17.049618,131.5,-89,4,0.88
338777,338892,1866,51.115709,17.049605,131.5,-82,4,1.09
339213,339312,1867,51.115765,17.049604,131.5,-68,4,0.93
339604,339788,1868,51.115785,17.049628,131.3,-70,4,1.37
339996,340115,1869,51.115787,17.049662,131.7,-92,4,1.95
340387,340600,1870,51.115837,17.049697,131.6,-90,4,1.61
340778,340957,1871,51.115816,17.049725,131.1,-68,3,4.85
341169,341353,1872,51.115874,17.049688,131.3,-78,4,0.86
341587,341668,1873,51.115851,17.049714,131.2,-83,4,1.57
342008,342235,1874,51.115924,17.049749,131.5,-84,4,0.99
342399,342554,1875,51.115893,17.04975,131.6,-80,4,1.28
342787,342907,1876,51.115986,17.049821,131.4,-80,4,1.51
343194,343342,1877,51.115972,17.049857,131.2,-86,4,2.07
343586,343654,1878,51.115965,17.049832,131.2,-83,4,0.91
343995,344159,1879,51.11596,17.049788,131.0,-86,4,1.74
344398,344490,1880,51.11591,17.049877,131.0,-80,4,0.82
344775,344856,1881,51.116073,17.04989,131.4,-87,4,1.68
345199,345275,1882,51.115984,17.04984,131.5,-92,4,1.57
345626,345844,1883,51.116038,17.049927,131.0,-70,4,1.94
346016,346124,1884,51.116067,17.049899,131.1,-82,4,1.54
346411,346669,1885,51.116056,17.049983,131.2,-68,4,1.29
346815,346927,1886,51.116149,17.049989,130.7,-97,4,1.14
347220,347290,1887,51.116036,17.049994,130.8,-93,4,0.92
347630,347719,1888,51.1162,17.050003,131.4,-78,4,1.55
348060,348289,1889,51.116162,17.049913,130.8,-82,4,2.04
348457,348588,1890,51.116132,17.049978,130.9,-91,4,1.52
348845,348957,1891,51.116149,17.050051,130.8,-72,4,1.83
349225,349374,1892,51.116066,17.050152,130.5,-88,3,6.46
349614,349785,1893,51.11615,17.050123,130.9,-72,4,1.43
350013,351025,1894,51.116191,17.050204,130.9,-82,4,1.25
350440,350689,1895,51.116233,17.050136,130.9,-90,4,0.95
350832,350953,1896,51.116304,17.050149,130.8,-87,4,1.38
351236,351318,1897,51.116358,17.05024,130.7,-71,4,1.87
351635,351753,1898,51.116286,17.05018,130.6,-84,4,1.35
352053,352208,1899,51.116299,17.050157,130.6,-74,4,1.71
352491,352586,1900,51.11628,17.050241,130.5,-70,4,1.86
352883,352978,1901,51.116235,17.0503,130.5,-82,4,1.25
353276,353436,1902,51.116307,17.050221,130.4,-83,4,1.92
353691,353828,1903,51.116343,17.050311,130.7,-85,4,1.27
354102,354243,1904,51.116418,17.050295,130.6,-79,4,1.16
354529,355240,1905,51.116412,17.050341,130.6,-69,4,1.11
354938,355065,1906,51.116413,17.050353,130.9,-91,3,5.54
355333,355429,1907,51.116389,17.050335,130.3,-80,4,1.83
355742,355941,1908,51.116335,17.050369,130.7,-80,4,2.04
356158,356369,1909,51.116355,17.050376,130.4,-96,4,1.12
356571,356637,1910,51.116384,17.050418,130.4,-89,4,0.92
356978,357074,1911,51.116469,17.050388,130.5,-87,4,1.24
357394,357470,1912,51.116549,17.050419,130.3,-75,3,4.2
357812,357919,1913,51.116564,17.050447,130.1,-74,4,1.32
358232,358367,1914,51.116572,17.050506,130.1,-97,3,5.66
358642,358720,1915,51.116523,17.050435,129.8,-76,4,1.84
359040,359136,1916,51.116622,17.050519,130.4,-77,3,6.33
359442,359535,1917,51.116535,17.050507,130.3,-77,4,2.2
359860,360012,1920,51.11664,17.050541,130.5,-80,4,1.22
360248,360391,1921,51.11653,17.050547,130.2,-74,4,2.17
360653,360757,1922,51.116572,17.050608,130.2,-72,4,1.08
361047,361197,1923,51.116729,17.050609,130.1,-95,4,0.96
361448,361560,1924,51.116653,17.050672,130.1,-82,4,1.85
361867,361992,1925,51.116646,17.050675,130.2,-84,4,1.78
362270,362543,1926,51.116751,17.050596,130.0,-86,3,4.92
362671,362910,1927,51.116774,17.050644,129.9,-85,4,1.28
363050,363133,1928,51.116707,17.050702,129.9,-80,4,2.1
363461,363656,1929,51.11676,17.050727,130.1,-92,4,0.97
363871,364064,1930,51.116769,17.050704,129.8,-76,4,0.84
364303,364391,1931,51.116637,17.050832,130.0,-84,4,1.22
364699,364893,1932,51.116725,17.050828,130.2,-75,3,6.35
365102,365360,1933,51.116859,17.050721,130.0,-86,4,1.74
365506,365595,1934,51.116787,17.05084,129.9,-87,3,5.78
365930,366026,1937,51.116871,17.050839,129.8,-89,4,1.16
366328,366538,1938,51.116875,17.050922,129.5,-86,4,0.88
366732,366888,1939,51.116939,17.0508,129.5,-88,4,1.27
367141,367315,1940,51.116826,17.051,129.5,-78,4,1.44
367544,367704,1941,51.116931,17.050873,129.7,-73,4,1.76
367937,368100,1942,51.116924,17.050953,129.5,-78,3,4.49
368340,368422,1943,51.116905,17.050922,129.5,-82,4,2.13
368756,368968,1944,51.116921,17.050952,129.6,-78,4,0.94
369141,369364,1945,51.116989,17.050905,129.3,-82,4,1.27
369543,369670,1946,51.117026,17.051068,129.3,-81,4,1.47
369933,370910,1947,51.117014,17.051013,129.5,-84,4,1.74
370351,370426,1948,51.117032,17.051035,129.3,-75,3,4.73
370728,370899,1949,51.117019,17.05118,129.3,-102,3,6.21
371119,371294,1950,51.117039,17.05113,129.1,-99,4,1.65
371525,371661,1951,51.117038,17.051068,129.3,-73,3,5.8
371948,372167,1952,51.117068,17.051089,129.6,-83,4,0.96
372347,372469,1953,51.11714,17.051151,129.1,-74,4,1.85
372739,372914,1954,51.117163,17.051195,129.0,-86,4,1.8
373167,373260,1955,51.11708,17.051263,129.4,-68,4,1.01
373546,373684,1956,51.117116,17.051113,129.2,-83,4,0.88
373913,374043,1957,51.117142,17.051248,129.1,-78,4,1.61
374319,374472,1958,51.117191,17.051275,128.8,-85,4,1.69
374712,374832,1959,51.117126,17.05121,128.8,-89,4,0.99
375096,375228,1960,51.117183,17.051249,128.7,-95,4,1.46
375507,375701,1961,51.117175,17.051204,129.1,-75,3,4.13
375911,376028,1964,51.117281,17.051279,129.1,-78,4,2.1
376302,376375,1965,51.117276,17.051334,129.0,-81,4,1.11
376683,377745,1966,51.117271,17.051421,129.3,-91,4,1.83
377096,377339,1967,51.117257,17.051444,128.8,-70,4,1.53
377506,377589,1968,51.117305,17.051327,128.7,-81,3,5.64
377904,378088,1969,51.117316,17.051469,128.8,-76,3,3.81
378332,378446,1970,51.117442,17.051318,128.7,-82,4,0.94
378716,379829,1971,51.117427,17.051404,128.8,-90,4,1.72
379093,379250,1972,51.117359,17.051437,128.6,-74,4,1.59
379483,379610,1973,51.117419,17.051483,128.4,-78,4,0.81
379882,379984,1974,51.117475,17.051494,128.3,-83,4,1.09
380286,380392,1975,51.117409,17.051525,128.7,-78,4,1.89
380682,380779,1976,51.11739,17.051516,128.4,-75,3,4.31
381087,381187,1977,51.117388,17.051592,128.3,-76,3,6.2
381469,381605,1978,51.117558,17.051596,128.4,-95,4,1.24
381890,381995,1979,51.117501,17.051566,128.8,-93,4,2.09
382289,383306,1980,51.117542,17.051641,128.2,-76,3,3.63
382706,382959,1981,51.117515,17.05172,128.5,-87,4,1.77
383111,383222,1982,51.117497,17.051601,128.4,-90,4,0.92
383518,383672,1983,51.117523,17.051737,128.6,-79,4,0.86
383926,384096,1984,51.117527,17.051642,128.3,-90,4,1.16
384333,384502,1985,51.117653,17.05176,127.9,-85,4,1.23
384743,384887,1986,51.117702,17.051681,128.4,-75,4,1.76
385163,385351,1987,51.117646,17.051765,128.1,-94,4,1.6
385566,385735,1988,51.117585,17.051754,128.4,-92,4,1.32
385976,386061,1989,51.117702,17.051673,128.3,-94,4,1.72
386375,386573,1990,51.117757,17.051877,128.3,-88,4,1.03
386796,386995,1991,51.117759,17.051754,128.5,-81,4,0.89
387186,387289,1992,51.117725,17.051754,128.1,-86,3,5.91
387613,387755,1993,51.117732,17.051803,128.3,-69,4,1.59
388013,388842,1994,51.117758,17.05198,127.9,-78,4,1.71
388391,388519,1995,51.117838,17.051809,128.0,-82,3,4.51
388793,389008,1996,51.117831,17.051899,127.8,-71,4,1.32
389183,389543,1997,51.11779,17.051852,127.9,-92,4,0.92
389596,389698,1998,51.117806,17.051878,127.9,-75,4,2.0
389986,390066,2001,51.117819,17.051864,127.4,-83,4,1.63
390379,391116,2002,51.117806,17.051978,127.6,-85,3,3.78
390751,390937,2003,51.117943,17.051972,127.8,-77,4,1.93
391144,391271,2004,51.117853,17.051942,127.2,-85,4,1.42
391508,391758,2005,51.117933,17.05206,127.6,-80,4,1.87
391884,391965,2006,51.117892,17.052083,127.8,-82,4,0.82
392295,392479,2007,51.117918,17.052073,127.8,-79,3,5.02
392707,392816,2008,51.117953,17.052129,127.4,-86,4,1.04
393113,393391,2009,51.118002,17.052071,127.8,-74,4,1.1
393499,393809,2010,51.117978,17.052122,127.7,-98,4,1.87
393898,394001,2011,51.117951,17.052107,127.0,-76,4,1.79
394298,394410,2012,51.118025,17.052067,127.4,-97,3,4.66
394681,394878,2013,51.118002,17.052171,127.4,-88,4,2.04
395103,395222,2014,51.118134,17.052186,127.6,-77,3,6.26
395516,395653,2015,51.11806,17.052194,127.4,-98,4,2.07
395913,396054,2016,51.118056,17.052232,127.5,-80,4,2.07
396314,396378,2017,51.118205,17.052302,127.1,-92,3,6.16
396717,396856,2018,51.118159,17.052239,126.9,-89,4,0.93
397086,397192,2019,51.118094,17.052219,127.0,-90,4,1.82
397482,397596,2020,51.118115,17.052273,127.4,-92,4,1.27
397872,398121,2021,51.118195,17.052296,127.3,-95,4,1.91
398257,398341,2022,51.11819,17.05237,127.5,-65,4,1.03
398653,398846,2023,51.118248,17.052344,126.7,-83,4,1.56
399080,399205,2024,51.118187,17.052299,127.2,-91,4,1.51
399489,399614,2025,51.118271,17.052414,127.1,-86,4,0.94
399881,400073,2026,51.118141,17.052424,126.8,-81,4,1.31
400289,400449,2027,51.118261,17.052415,127.0,-85,4,0.92
400710,400885,2028,51.118254,17.052474,126.9,-92,4,1.45
401124,401330,2029,51.118278,17.0525,126.9,-89,4,1.98
401525,401647,2030,51.118312,17.052443,126.9,-72,4,1.18
401916,402025,2031,51.11839,17.052435,126.9,-93,3,4.35
402326,402416,2032,51.118292,17.052497,126.7,-97,4,1.06
402732,402832,2033,51.118256,17.052542,127.0,-85,3,4.51
403145,403600,2034,51.11833,17.052527,126.6,-97,4,2.08
403555,403785,2035,51.118449,17.052501,127.0,-89,4,1.25
403971,404052,2036,51.118332,17.052576,126.3,-92,4,2.06
404363,404445,2037,51.118401,17.052484,126.3,-91,4,1.51
404782,405821,2038,51.118488,17.052587,126.3,-81,4,1.24
405185,405359,2039,51.118459,17.052663,126.6,-79,3,5.81
405616,405790,2040,51.118534,17.052683,126.2,-88,4,0.84
406006,406132,2041,51.118392,17.052467,126.7,-82,4,0.84
406432,406565,2042,51.118494,17.052663,126.2,-88,3,5.61
406835,406994,2043,51.118592,17.05272,126.4,-78,4,1.92
407225,407369,2044,51.118485,17.052649,126.4,-93,4,1.85
407618,407675,2045,51.118609,17.052706,126.0,-80,4,0.91
408013,408140,2046,51.118561,17.052803,125.9,-80,3,5.29
408420,408519,2047,51.118611,17.052735,126.2,-63,4,1.78
408827,408977,2048,51.118668,17.052857,126.1,-96,4,2.13
409219,409681,2049,51.118642,17.052757,126.2,-60,4,1.26
409619,409781,2050,51.118607,17.052882,125.8,-75,4,1.77
410051,410174,2051,51.11868,17.05283,125.9,-67,4,2.0
410477,410679,2052,51.118635,17.052802,125.9,-74,4,1.33
410883,411052,2053,51.118697,17.052934,125.4,-89,4,2.15
411284,411449,2054,51.118637,17.05282,126.1,-76,4,1.17
411685,411863,2055,51.118716,17.052858,125.7,-87,4,1.24
412095,412413,2056,51.11879,17.052939,126.1,-82,4,2.09
412479,412568,2057,51.118731,17.052936,125.6,-91,4,2.16
412875,413044,2058,51.118816,17.052963,125.6,-87,4,1.2
413250,413346,2059,51.118932,17.052948,125.5,-74,4,0.99
413656,413830,2060,51.118791,17.052923,125.9,-78,3,4.59
414066,414162,2061,51.118839,17.052968,125.7,-73,4,2.1
414459,414577,2062,51.118847,17.053083,125.9,-93,4,1.64
414882,415006,2063,51.11885,17.052968,125.5,-96,4,1.69
415264,416193,2064,51.118894,17.053134,125.5,-73,4,1.87
415642,415844,2065,51.118857,17.053084,125.1,-73,4,1.01
416046,416131,2066,51.118852,17.053056,125.3,-80,4,2.16
416461,416604,2067,51.118824,17.053002,125.4,-78,4,1.31
416886,416991,2068,51.118899,17.053026,125.5,-75,4,1.68
417280,418341,2069,51.118976,17.053118,125.7,-80,4,1.46
417696,417824,2070,51.118899,17.053129,124.9,-77,3,3.96
418095,418218,2071,51.118974,17.053176,125.3,-75,4,1.78
418493,418862,2072,51.118971,17.053273,125.1,-82,4,2.19
418906,419072,2073,51.118961,17.05323,125.2,-84,4,1.72
419316,419396,2074,51.118915,17.053214,125.2,-78,4,1.91
419692,419803,2075,51.11909,17.053298,125.1,-63,4,0.84
420114,420324,2076,51.119063,17.053261,124.8,-88,4,1.93
420535,420857,2077,51.119186,17.053351,124.8,-85,4,1.22
420925,420999,2078,51.119121,17.053254,124.9,-96,4,0.98
421331,421397,2081,51.11915,17.053247,124.7,-78,4,0.96
421739,422034,2082,51.11901,17.053221,124.9,-86,4,1.75
422143,422306,2083,51.119024,17.053332,124.8,-93,3,5.92
422534,422632,2084,51.119129,17.053292,124.4,-82,4,1.73
422924,423097,2085,51.119085,17.053308,125.2,-70,4,1.17
423324,423372,2086,51.119123,17.053439,124.8,-84,4,1.08
423742,423882,2087,51.119298,17.053317,124.2,-84,4,1.54
424150,424309,2090,51.119246,17.053425,124.7,-70,4,0.89
424544,424746,2091,51.119155,17.053432,124.6,-82,3,6.44
424956,425049,2092,51.119098,17.053458,124.4,-91,4,1.73
425313,425457,2093,51.11918,17.053539,124.6,-76,4,2.15
425730,425826,2094,51.119218,17.053445,124.4,-73,4,1.4
426104,426259,2095,51.119244,17.053572,124.5,-83,4,1.08
426499,426596,2098,51.119211,17.053431,124.3,-80,4,1.94
426882,427000,2099,51.119346,17.053568,124.2,-92,4,1.84
427263,427357,2100,51.119268,17.053625,124.4,-88,4,2.0
427680,427861,2101,51.119351,17.053365,124.0,-84,4,1.1
428073,428270,2102,51.119336,17.053582,124.3,-81,4,1.37
428478,428605,2103,51.119394,17.053595,124.4,-86,4,2.17
428877,429019,2104,51.11935,17.05362,124.5,-84,4,1.02
429285,429363,2105,51.11933,17.053718,124.4,-82,4,1.74
429686,429810,2106,51.11936,17.053611,124.4,-89,4,1.13
430066,430203,2107,51.119375,17.053606,124.0,-84,4,1.5
430481,430880,2108,51.119522,17.053685,123.9,-72,4,1.92
430874,430963,2109,51.119437,17.053754,124.2,-86,3,3.71
431251,431502,2110,51.119448,17.053742,123.9,-89,4,1.93
431644,431852,2111,51.119506,17.053731,124.0,-65,4,1.4
432067,432223,2112,51.119476,17.053734,124.1,-80,4,2.2
432480,432762,2113,51.119546,17.053661,124.3,-88,4,1.41
432874,433036,2114,51.119485,17.053807,124.0,-76,4,1.01
433269,433432,2115,51.119494,17.053829,123.9,-79,3,3.58
433664,433801,2116,51.119483,17.053775,123.5,-86,4,1.84
434095,434323,2117,51.119638,17.053802,124.0,-82,4,1.99
434501,434718,2118,51.119556,17.053789,123.8,-84,4,1.44
434908,435017,2119,51.119515,17.053901,123.6,-74,4,1.63
435323,436001,2120,51.119597,17.053855,123.5,-76,4,1.98
435727,435856,2121,51.119569,17.053882,123.5,-99,4,1.94
436123,436224,2122,51.119595,17.053936,123.5,-66,4,1.72
436520,436656,2123,51.119644,17.053937,123.2,-84,4,1.94
436919,437148,2124,51.119718,17.053965,123.7,-68,4,1.61
437318,437434,2125,51.119661,17.053961,123.6,-76,4,0.81
437729,437866,2126,51.119634,17.053978,123.4,-80,4,0.86
438130,438273,2127,51.119658,17.053993,123.3,-82,4,2.17
438541,438737,2128,51.11973,17.054022,123.3,-60,4,1.0
438940,438996,2129,51.119612,17.05404,123.3,-84,4,1.37
439341,439450,2130,51.119672,17.053969,123.2,-87,4,2.11
439711,439863,2131,51.119748,17.054016,123.4,-86,4,1.07
440125,441230,2132,51.119665,17.054051,122.9,-81,4,1.98
440530,440644,2133,51.119748,17.0541,123.0,-82,4,1.95
440945,441011,2134,51.119753,17.054172,123.2,-73,4,2.18
441301,441480,2135,51.119834,17.054067,123.1,-75,3,5.01
441733,441841,2138,51.119791,17.054167,122.9,-75,4,1.24
442131,442217,2139,51.119876,17.05411,123.0,-83,4,2.06
442547,442656,2140,51.119834,17.054223,122.8,-76,4,1.13
442932,443062,2141,51.119932,17.054265,122.8,-75,4,1.57
443341,443450,2142,51.119787,17.054098,123.0,-82,4,1.79
443725,443782,2143,51.11995,17.054184,123.0,-79,4,1.18
444116,444316,2144,51.119862,17.054098,122.8,-75,4,2.11
444544,444777,2145,51.119969,17.054146,122.5,-80,4,1.73
444941,445122,2146,51.119968,17.054165,122.6,-79,4,0.87
445345,445433,2147,51.119779,17.054292,122.7,-70,4,0.99
445758,445887,2148,51.119958,17.054298,122.9,-80,4,1.07
446165,446304,2149,51.119997,17.054332,122.2,-86,4,1.14
446567,446744,2150,51.120026,17.054337,122.3,-92,3,5.87
446973,447155,2151,51.119913,17.054346,122.7,-81,4,0.92
447409,447513,2152,51.120014,17.054342,122.7,-84,4,1.29
447808,447952,2153,51.120007,17.054345,122.4,-75,4,2.08
448211,448379,2154,51.120032,17.054418,122.7,-69,4,1.58
448627,448877,2155,51.120073,17.054383,122.2,-90,4,1.17
449043,449228,2156,51.120093,17.054423,122.0,-89,3,6.42
449461,449652,2157,51.120015,17.054295,122.4,-82,4,1.14
449871,450721,2158,51.120073,17.054368,122.5,-88,4,2.07
450254,450500,2159,51.120075,17.054491,122.4,-83,4,1.82
450678,450842,2160,51.120073,17.054423,122.0,-86,4,1.84
451061,451160,2161,51.12009,17.054402,122.1,-90,4,1.87
451466,451711,2162,51.120119,17.054518,122.2,-75,3,3.85
451854,452039,2163,51.120092,17.054501,122.1,-81,4,1.94
452253,452370,2164,51.120178,17.054495,122.3,-67,4,1.97
452658,452773,2165,51.12021,17.054606,121.8,-79,3,5.64
453063,453220,2166,51.120117,17.054612,121.9,-71,4,1.36
453469,453637,2167,51.120236,17.05455,121.9,-87,4,2.04
453894,454045,2168,51.120141,17.05461,122.0,-87,4,1.53
454300,454458,2169,51.120239,17.054477,121.7,-64,4,2.01
454697,454973,2170,51.120272,17.054658,121.9,-86,4,1.68
455111,455325,2171,51.120213,17.054564,122.0,-89,4,1.63
455529,455680,2172,51.120189,17.05456,121.5,-91,4,0.84
455911,456115,2173,51.120212,17.054558,121.6,-66,4,1.19
456320,456412,2174,51.120271,17.054568,121.8,-84,4,1.5
456730,456894,2175,51.120363,17.05473,121.9,-78,4,1.62
457126,457414,2176,51.120192,17.054722,121.6,-80,4,1.68
457546,457674,2177,51.120293,17.054666,121.3,-87,4,1.8
457944,458043,2178,51.120296,17.054762,121.5,-84,4,1.72
458346,458453,2179,51.120289,17.054704,121.6,-75,4,1.99
458743,458833,2180,51.120319,17.054764,121.2,-91,3,6.4
459143,459245,2181,51.120307,17.054738,121.1,-76,4,1.7
459527,459647,2182,51.120408,17.05477,121.2,-70,4,0.87
459905,459984,2183,51.120424,17.054745,121.3,-79,4,1.47
460329,460469,2184,51.120373,17.054767,120.9,-71,4,1.18
460717,460917,2185,51.120373,17.054846,121.0,-92,4,1.33
461102,461199,2186,51.120366,17.054868,121.1,-96,4,1.3
461469,461726,2187,51.120407,17.054826,121.3,-80,4,0.88
461860,462031,2188,51.120506,17.054785,121.1,-86,4,1.45
462240,462451,2189,51.120419,17.054999,121.0,-74,3,6.33
462665,462772,2190,51.120394,17.054891,121.1,-84,4,1.22
463080,463277,2191,51.120427,17.054919,121.2,-80,4,1.83
463470,463560,2192,51.120495,17.054854,121.1,-81,4,1.57
463903,464102,2193,51.120433,17.054992,120.4,-81,4,1.26
464318,464467,2194,51.120478,17.055013,120.8,-86,4,0.93
464713,464887,2195,51.120514,17.054873,120.9,-92,4,1.1
465076,465163,2196,51.120469,17.054968,121.0,-83,4,1.89
465510,465607,2197,51.120424,17.054978,120.8,-70,4,1.19
465889,466066,2198,51.120469,17.05512,120.4,-86,4,1.0
466264,466359,2199,51.12049,17.055086,120.4,-86,4,1.26
466680,466848,2200,51.120532,17.054955,120.4,-80,4,1.62
467116,467197,2201,51.120557,17.055005,120.6,-91,4,1.78
467537,467733,2202,51.120606,17.055011,120.4,-73,4,1.34
467946,468031,2203,51.120514,17.055087,119.8,-90,4,1.5
468355,468529,2204,51.12062,17.055161,120.1,-84,4,1.44
468767,468946,2205,51.120578,17.055102,120.2,-61,4,0.81
469179,469284,2206,51.120517,17.055135,120.0,-91,4,1.35
469583,469759,2207,51.120618,17.05509,120.0,-70,4,1.62
469985,470140,2208,51.120693,17.055161,120.6,-81,4,1.6
470384,470496,2209,51.120682,17.055127,120.2,-79,4,1.85
470772,470865,2210,51.120644,17.055082,120.1,-88,4,1.74
471168,471231,2211,51.120714,17.055199,120.2,-75,4,1.19
471543,472473,2212,51.120677,17.05519,120.3,-84,4,1.16
471941,472504,2213,51.120727,17.055149,120.5,-91,4,1.45
472326,472471,2214,51.120605,17.055299,120.3,-70,4,1.83
472710,472835,2215,51.120635,17.055192,120.0,-85,4,0.93
473113,473296,2216,51.120744,17.055274,119.6,-96,4,2.13
473533,473657,2217,51.120795,17.055239,119.7,-84,4,1.56
473947,474069,2218,51.120748,17.055347,119.7,-75,4,1.23
474324,474511,2219,51.120712,17.055272,119.9,-76,4,1.77
474709,474869,2220,51.120704,17.055213,119.8,-87,4,0.86
475123,475281,2221,51.120741,17.05535,119.4,-89,3,3.9
475508,475676,2222,51.120827,17.0554,119.3,-92,4,1.48
475905,475980,2223,51.120759,17.055315,119.7,-82,4,1.03
476313,476502,2224,51.120838,17.055383,119.6,-80,4,1.97
476699,476877,2225,51.120828,17.055368,119.5,-76,4,1.92
477100,477193,2226,51.12089,17.055356,119.6,-83,4,1.01
477480,477606,2227,51.120824,17.05543,119.7,-83,4,1.31
477871,478008,2228,51.120821,17.055361,119.5,-84,3,6.35
478276,478408,2229,51.120887,17.055415,119.2,-80,4,1.99
478652,478812,2230,51.120795,17.05544,119.7,-83,4,1.25
479059,479307,2231,51.120829,17.055451,119.3,-74,4,1.42
479458,479673,2232,51.120776,17.055414,119.3,-79,4,1.25
479867,479949,2233,51.120807,17.055568,119.1,-81,3,6.22
480270,480449,2234,51.120975,17.055541,119.0,-82,4,1.85
480690,480928,2235,51.120922,17.05554,118.9,-89,4,1.85
481092,481255,2236,51.120828,17.055575,118.8,-82,4,1.52
481486,481702,2237,51.120965,17.055519,118.5,-87,4,1.72
481888,482201,2238,51.120879,17.05551,119.0,-79,4,1.52
482296,482506,2239,51.120955,17.055487,119.2,-83,3,6.5
482697,482851,2240,51.120964,17.055519,118.7,-68,4,0.89
483097,483309,2241,51.121024,17.055516,119.4,-92,4,1.34
483487,483635,2242,51.120923,17.055553,119.1,-106,3,6.04
483877,484018,2243,51.120921,17.055605,118.8,-79,4,2.08
484256,484377,2244,51.120833,17.05565,118.6,-87,4,0.84
484682,484943,2245,51.12097,17.055661,118.4,-80,4,1.32
485063,485163,2246,51.121021,17.05557,118.7,-91,4,1.11
485453,485711,2247,51.121036,17.055676,118.7,-66,4,1.94
485842,486012,2248,51.121064,17.055711,118.6,-85,3,5.42
486255,486334,2249,51.121024,17.055653,118.8,-87,4,1.09
486651,487804,2251,51.121044,17.055738,118.8,-66,4,1.8
487070,487130,2252,51.12103,17.055734,118.6,-75,4,1.82
487460,487639,2253,51.12107,17.05564,118.6,-70,4,1.05
487864,488063,2254,51.120997,17.055825,118.4,-83,4,1.41
488251,488361,2255,51.120981,17.055692,118.4,-81,4,1.67
488683,488830,2256,51.121018,17.055787,118.4,-86,4,0.84
489066,489371,2257,51.121079,17.055798,118.2,-87,4,1.37
489470,489584,2258,51.121011,17.055703,118.4,-78,4,1.02
489880,489971,2259,51.121052,17.055785,118.0,-84,4,1.56
490286,490539,2260,51.121062,17.055833,118.0,-64,4,1.98
490683,490989,2261,51.121139,17.055738,117.9,-75,4,1.53
491081,491221,2262,51.121141,17.055817,118.0,-66,3,5.43
491482,491691,2263,51.121119,17.055874,118.0,-99,4,0.84
491880,492119,2264,51.121146,17.055889,118.2,-66,4,1.65
492294,492398,2265,51.121155,17.055828,118.0,-101,4,1.26
492727,492842,2266,51.121121,17.055937,117.7,-92,4,1.6
493119,493348,2267,51.12112,17.055937,117.6,-96,4,1.03
493498,493772,2268,51.121232,17.055896,117.8,-80,4,1.89
493897,494072,2269,51.121038,17.055862,118.0,-82,4,2.01
494336,494434,2270,51.121133,17.055849,118.1,-75,4,2.04
494724,495033,2271,51.121167,17.055938,117.4,-82,3,4.79
495148,495261,2272,51.121213,17.056004,117.8,-72,4,1.73
495574,495696,2273,51.121249,17.055935,117.6,-89,4,1.19
495965,496125,2274,51.121293,17.055911,117.6,-72,4,1.87
496374,496634,2275,51.121203,17.056007,117.4,-82,4,0.97
496798,496995,2276,51.121214,17.055986,117.5,-63,4,1.87
497193,497358,2277,51.12124,17.056015,117.3,-75,4,1.42
497589,497757,2278,51.121203,17.055974,117.4,-84,4,2.0
497981,498123,2279,51.121177,17.055994,117.7,-82,4,1.83
498366,498541,2280,51.121239,17.055997,117.5,-90,4,1.33
498756,498806,2281,51.121288,17.05606,117.7,-79,4,2.06
499137,499261,2282,51.121246,17.05603,117.4,-84,4,1.2
499538,499692,2283,51.121286,17.056088,117.3,-76,4,2.15
499926,500014,2284,51.121179,17.056038,117.3,-92,3,6.08
500330,500493,2285,51.12128,17.056106,117.0,-84,4,2.19
500707,500836,2286,51.121266,17.056127,116.7,-91,4,0.88
501112,501394,2287,51.121229,17.05612,117.3,-90,4,1.18
501524,501786,2288,51.121333,17.056161,116.7,-77,4,1.84
501894,502010,2290,51.121399,17.056102,117.3,-73,4,2.09
502300,502431,2291,51.121363,17.056172,117.1,-100,4,0.84
502718,502853,2292,51.121373,17.05616,116.8,-67,4,0.8
503100,503216,2293,51.121363,17.056119,116.8,-70,4,1.16
503525,503676,2294,51.121366,17.056076,116.9,-92,4,1.99
503931,504034,2295,51.12125,17.056097,116.6,-75,4,1.87
504321,504410,2296,51.121341,17.056083,116.9,-85,4,1.28
504720,504899,2297,51.121379,17.056226,116.9,-82,4,0.8
505128,505308,2298,51.121387,17.056199,116.4,-77,4,1.58
505529,505630,2299,51.12143,17.056231,116.5,-78,3,6.45
505938,506138,2300,51.121321,17.056228,116.6,-86,3,6.21
506324,507082,2301,51.12141,17.056278,116.8,-86,4,1.42
506726,506880,2302,51.121333,17.05629,116.7,-86,4,1.75
507105,507299,2303,51.121382,17.056273,116.1,-72,4,1.99
507503,507641,2304,51.121395,17.056286,116.4,-96,4,1.55
507890,508752,2305,51.121448,17.056299,116.5,-83,3,5.11
508279,508392,2306,51.121448,17.056373,116.2,-69,4,1.88
508697,508826,2307,51.121423,17.056214,116.2,-76,4,1.17
509114,509242,2308,51.121316,17.056291,116.2,-73,3,6.14
509523,509626,2309,51.121452,17.056379,116.2,-83,4,0.9
509906,510036,2310,51.121422,17.056402,116.1,-91,4,1.97
510302,510377,2311,51.121511,17.056378,116.3,-81,4,0.93
510720,510835,2312,51.121505,17.056359,116.0,-87,4,0.88
511122,511246,2313,51.121407,17.056472,115.9,-64,4,1.31
511557,511683,2314,51.121489,17.056398,116.0,-83,4,2.14
511963,512090,2315,51.121496,17.056401,116.4,-76,4,2.18
512366,512502,2316,51.121498,17.056477,116.1,-68,4,1.08
512761,512930,2317,51.121497,17.056445,116.1,-90,3,4.05
513163,513361,2318,51.121514,17.056479,116.0,-100,4,1.29
513561,513668,2319,51.121564,17.056495,115.7,-78,4,1.27
513971,514057,2320,51.121467,17.056434,115.7,-76,4,1.86
514386,514478,2321,51.121455,17.056552,115.7,-85,4,1.42
514774,514889,2322,51.121545,17.056351,116.0,-91,4,1.89
515154,515275,2323,51.121417,17.056385,115.8,-79,4,1.85
515526,515628,2324,51.12155,17.056461,115.4,-82,4,1.61
515934,516017,2325,51.121546,17.056484,116.0,-79,4,1.97
516317,517151,2326,51.121411,17.056533,115.6,-91,4,1.07
516685,516835,2327,51.121502,17.056491,115.7,-79,3,4.06
517091,517268,2328,51.121618,17.056535,115.8,-75,4,1.85
517528,517640,2329,51.121472,17.056536,115.0,-94,3,4.04
517928,518970,2330,51.121561,17.056657,115.6,-70,4,0.8
518341,518437,2331,51.121505,17.056527,115.4,-79,4,2.08
518742,518880,2332,51.121525,17.056493,114.9,-75,3,6.01
519141,519240,2333,51.121662,17.056643,115.1,-92,4,1.42
519554,519730,2334,51.121577,17.056562,115.2,-76,4,1.82
519950,520825,2335,51.121602,17.056603,115.5,-95,4,1.27
520354,520475,2336,51.121576,17.056586,115.2,-89,4,2.14
520759,520916,2337,51.121511,17.056665,115.2,-79,4,0.9
521149,521299,2338,51.121533,17.056569,115.1,-84,4,1.7
521564,521975,2339,51.121656,17.056508,115.4,-81,4,1.89
521961,522122,2340,51.12161,17.056723,115.2,-66,4,1.46
522350,522443,2341,51.121569,17.056681,115.1,-81,4,1.86
522758,522892,2342,51.121611,17.056732,114.8,-76,4,2.1
523144,523212,2343,51.12165,17.056751,115.0,-82,4,1.84
523545,523680,2344,51.121645,17.056652,115.5,-82,4,1.23
523945,524045,2345,51.121589,17.056711,115.1,-89,4,1.59
524361,524562,2346,51.121553,17.056743,114.7,-79,4,2.08
524768,524880,2347,51.121617,17.056723,115.2,-61,4,1.43
525168,525301,2348,51.121697,17.056722,114.6,-81,4,1.75
525580,525688,2349,51.121689,17.056737,114.9,-84,3,3.51
526001,526281,2350,51.121672,17.056812,114.7,-72,4,0.97
526409,526532,2351,51.121648,17.056754,114.7,-73,4,0.88
526809,527100,2352,51.121635,17.056807,114.7,-78,4,2.13
527190,527383,2353,51.121658,17.056804,114.6,-84,4,1.66
527574,527743,2354,51.12171,17.056749,114.5,-72,4,0.95
527969,528131,2355,51.121726,17.056822,114.3,-81,4,2.0
528360,528523,2356,51.121667,17.056739,114.3,-74,4,1.53
528757,528821,2357,51.121811,17.056846,114.5,-88,4,1.88
529158,529283,2358,51.121694,17.05688,114.3,-86,4,0.98
529566,529762,2359,51.121676,17.056901,114.2,-81,4,2.07
529965,530102,2360,51.121772,17.056807,114.9,-91,4,1.63
530372,530451,2361,51.121601,17.056838,114.8,-84,4,1.83
530773,530910,2362,51.121731,17.056888,114.4,-92,4,0.84
531143,531419,2363,51.121708,17.05686,114.4,-94,4,1.24
531529,531759,2364,51.121788,17.056797,114.0,-62,4,1.17
531927,532063,2365,51.121751,17.056876,113.9,-86,4,2.13
532309,532513,2366,51.121732,17.056926,114.1,-86,4,1.06
532718,532838,2367,51.121762,17.056975,114.1,-81,4,1.79
533141,533211,2368,51.121681,17.057016,114.2,-90,4,0.86
533559,534422,2369,51.121786,17.056947,113.7,-86,3,3.76
533956,534217,2370,51.121675,17.056978,114.4,-67,4,1.27
534378,534503,2371,51.121764,17.057007,114.0,-79,4,1.91
534781,534908,2372,51.121752,17.056866,113.6,-74,4,1.91
535176,535300,2373,51.121667,17.056927,113.9,-69,4,2.13
535566,535865,2374,51.121762,17.056993,113.7,-80,4,2.08
535962,536230,2375,51.121777,17.057075,113.6,-83,4,0.91
536356,536696,2376,51.121735,17.057038,113.6,-93,4,1.96
536759,536890,2377,51.121721,17.057032,113.7,-85,4,1.43
537161,537318,2378,51.1218,17.057013,114.1,-83,3,5.46
537561,537637,2379,51.121798,17.057055,113.7,-88,4,0.93
537968,538220,2380,51.121795,17.057013,113.8,-69,4,1.95
538386,538473,2381,51.121788,17.057013,113.8,-73,4,1.02
538800,538952,2382,51.121764,17.057027,113.5,-74,4,1.27
539177,539267,2383,51.121909,17.057138,113.3,-82,4,0.84
539539,539649,2384,51.121785,17.057038,113.2,-90,4,0.97
539953,540053,2385,51.121761,17.057069,113.4,-71,4,1.42
540333,540442,2386,51.121811,17.057122,113.6,-79,4,1.95
540729,540841,2387,51.121803,17.057063,113.6,-75,4,1.88
541112,541224,2388,51.1218,17.057128,113.4,-77,4,1.13
541485,541680,2389,51.121913,17.057137,113.4,-79,3,6.08
541893,541982,2390,51.121767,17.057103,113.2,-66,4,1.34
542304,542456,2391,51.121829,17.057131,113.1,-87,4,2.04
542696,542923,2392,51.121778,17.057106,113.0,-84,4,0.93
543057,543171,2393,51.121808,17.057231,112.9,-68,4,1.56
543449,543554,2394,51.121926,17.057184,113.5,-81,4,0.92
543854,543981,2395,51.121857,17.057127,113.1,-83,4,1.46
544232,544456,2396,51.12186,17.057195,113.0,-84,4,0.98
544635,545495,2397,51.121803,17.057206,113.4,-76,4,0.91
545035,545148,2398,51.121833,17.057094,113.4,-83,4,1.07
545443,545612,2399,51.121949,17.057283,113.5,-84,4,1.16
545845,545935,2400,51.121886,17.057175,112.9,-76,4,1.19
546231,546414,2401,51.121848,17.057338,112.9,-81,4,1.7
546649,546813,2402,51.121891,17.057282,113.0,-90,4,0.88
547046,547169,2403,51.121886,17.057195,113.1,-81,4,0.91
547446,547546,2404,51.121834,17.057244,112.8,-70,4,1.06
547832,547930,2405,51.121861,17.057315,112.5,-75,4,2.02
548225,548398,2407,51.121996,17.057266,112.5,-69,4,1.68
548612,548840,2408,51.121907,17.057345,112.9,-87,4,1.82
549009,549689,2409,51.121812,17.057276,112.7,-73,4,1.32
549435,550047,2410,51.12192,17.0573,112.6,-87,3,6.25
549814,549874,2411,51.121963,17.05736,112.5,-91,4,0.85
550190,550300,2412,51.121856,17.057351,112.5,-88,4,1.48
550612,550750,2413,51.121882,17.057284,112.7,-80,3,5.01
551009,551106,2414,51.121981,17.05736,112.3,-73,4,2.06
551399,551495,2415,51.121914,17.057356,112.2,-79,4,2.03
551815,551922,2416,51.121908,17.057311,112.7,-83,4,1.39
552206,552363,2417,51.121852,17.057295,112.4,-90,4,1.39
552633,552762,2418,51.121976,17.057277,112.3,-76,4,1.03
553043,553100,2419,51.121917,17.057367,112.4,-74,4,1.16
553436,553495,2420,51.121821,17.057388,112.0,-79,4,2.1
553868,553977,2421,51.121854,17.057425,112.4,-90,4,1.0
554259,554427,2422,51.121908,17.057449,112.1,-75,4,2.16
554670,554716,2423,51.121886,17.057396,112.4,-72,4,1.51
555075,555189,2424,51.121898,17.057421,111.8,-69,4,1.44
555494,555607,2425,51.122064,17.057396,112.2,-85,4,1.04
555918,556161,2426,51.121986,17.057447,112.0,-78,3,4.07
556318,556438,2427,51.121825,17.057499,111.9,-86,3,5.06
556707,556870,2428,51.121941,17.057464,112.1,-89,4,1.32
557114,557262,2429,51.121956,17.057526,111.9,-69,4,1.17
557504,557563,2430,51.12189,17.057524,112.0,-77,4,0.89
557934,558124,2431,51.121994,17.057558,112.1,-71,4,1.53
558336,558488,2432,51.121869,17.0575,112.0,-91,4,1.24
558730,558901,2433,51.122029,17.057475,111.6,-79,4,1.79
559133,559806,2434,51.12205,17.057541,111.7,-77,4,1.81
559513,559573,2435,51.122099,17.0575,111.8,-88,4,1.26
559898,560177,2436,51.121906,17.057556,111.9,-70,4,1.74
560316,560440,2439,51.121919,17.057502,111.6,-83,4,1.16
560707,560864,2440,51.122026,17.057502,111.7,-78,4,1.82
561091,561228,2441,51.122054,17.057613,111.6,-86,4,0.82
561499,561617,2442,51.122038,17.05751,111.6,-91,4,1.01
561917,562028,2443,51.122055,17.05762,111.3,-74,4,1.14
562327,562486,2444,51.122073,17.057607,111.2,-78,4,1.88
562742,562818,2445,51.122018,17.05759,111.0,-80,4,0.89
563131,563320,2446,51.122001,17.057499,111.5,-84,4,1.06
563510,563628,2447,51.121946,17.057677,111.1,-79,4,1.3
563932,564021,2448,51.122003,17.057564,111.8,-71,4,0.81
564327,564443,2449,51.122014,17.057667,111.5,-87,4,1.87
564724,564955,2450,51.121977,17.057593,111.1,-77,4,1.58
565144,565257,2451,51.122026,17.057597,111.5,-80,4,2.06
565552,565713,2452,51.121978,17.057677,111.5,-83,4,0.84
565959,566063,2453,51.12209,17.057679,111.5,-95,4,1.18
566391,566580,2454,51.122059,17.057603,111.0,-82,4,1.82
566782,566966,2455,51.122018,17.057741,111.3,-76,4,1.75
567195,567488,2458,51.122054,17.057667,111.4,-79,4,1.14
567596,567726,2459,51.121993,17.057689,111.4,-93,4,1.63
568000,568182,2460,51.122001,17.057679,110.7,-72,4,1.91
568423,568568,2461,51.122023,17.057647,111.0,-68,3,6.12
568831,569066,2462,51.122048,17.057747,110.8,-82,4,1.8
569239,569344,2463,51.122068,17.057733,111.3,-63,4,1.15
569655,569843,2464,51.122072,17.057686,111.0,-88,4,2.13
570050,570179,2465,51.122002,17.057782,111.1,-92,4,1.55
570437,570573,2466,51.122067,17.057745,111.0,-90,4,0.85
570821,570966,2467,51.122034,17.057755,110.9,-80,4,1.36
571192,571346,2468,51.121908,17.057848,110.6,-96,4,2.15
571623,571756,2469,51.122235,17.057687,110.7,-84,4,1.82
572006,572158,2470,51.122045,17.057694,110.7,-60,4,1.22
572403,572666,2471,51.122051,17.057714,110.6,-94,4,1.61
572799,573006,2472,51.122024,17.05781,110.5,-86,4,1.64
573203,573401,2473,51.122042,17.057782,110.6,-90,4,0.83
573615,573731,2474,51.122089,17.057794,110.5,-84,4,1.05
574028,574126,2475,51.122169,17.057769,110.6,-84,4,1.57
574420,575419,2476,51.122095,17.057907,110.5,-87,4,1.36
574817,575015,2477,51.122092,17.057932,110.4,-83,4,1.07
575221,575473,2478,51.122172,17.057885,110.3,-76,4,1.88
575618,576294,2479,51.122089,17.057773,110.4,-70,4,1.48
576042,576169,2482,51.12212,17.057832,110.6,-84,4,1.23
576449,576521,2483,51.122076,17.057906,110.5,-81,4,1.03
576860,576979,2484,51.12221,17.05787,110.1,-78,4,1.66
577270,577478,2485,51.122181,17.057926,110.5,-91,4,1.73
577688,577804,2486,51.122125,17.057951,110.4,-83,4,1.74
578090,578270,2487,51.122116,17.057992,110.4,-86,4,1.11
578471,578600,2488,51.122138,17.057872,110.5,-74,4,1.63
578877,579036,2489,51.122136,17.057917,110.1,-67,4,2.07
579267,579355,2490,51.122069,17.057899,110.1,-88,4,1.29
579659,579803,2491,51.122204,17.057829,110.5,-71,4,1.1
580068,580110,2492,51.122142,17.057972,110.5,-93,4,1.88
580487,580616,2493,51.122252,17.057974,110.1,-80,4,1.05
580887,580959,2494,51.122181,17.057926,110.2,-79,4,1.16
581292,581518,2495,51.122038,17.057882,110.2,-93,4,0.94
581717,581908,2496,51.122103,17.05795,110.3,-88,4,1.18
582121,582289,2497,51.122064,17.058014,110.0,-89,4,1.37
582560,582817,2498,51.12211,17.058052,109.7,-92,4,0.89
582968,583063,2499,51.122096,17.057958,109.8,-103,4,2.02
583342,583623,2500,51.122194,17.058057,110.5,-83,4,1.52
583753,583956,2501,51.12217,17.058041,109.6,-82,4,1.62
584159,584286,2502,51.122226,17.058038,109.8,-82,4,1.32
584578,584798,2503,51.122191,17.057961,110.2,-75,4,1.74
584988,585077,2504,51.122184,17.057971,109.6,-97,4,1.4
585386,585486,2505,51.1223,17.058,109.2,-85,4,1.87
585768,585877,2506,51.122215,17.058033,109.2,-61,4,1.95
586165,586278,2507,51.122203,17.058148,109.5,-74,4,1.74
586552,586643,2508,51.122168,17.058033,109.3,-74,3,5.78
586943,587171,2509,51.122156,17.058112,109.8,-90,4,1.9
587352,587478,2510,51.122257,17.058059,109.6,-83,4,1.49
587777,587938,2511,51.122258,17.058113,109.1,-100,4,0.96
588183,588294,2512,51.122304,17.058095,109.2,-77,4,0.96
588565,588632,2513,51.122254,17.058115,109.7,-70,4,2.13
588972,589127,2514,51.122214,17.058132,109.5,-93,4,1.1
589390,589455,2515,51.122263,17.058109,109.7,-91,3,4.58
589781,589917,2516,51.122237,17.058149,109.6,-82,4,1.15
590179,590259,2517,51.122288,17.0582,109.2,-80,4,1.4
590579,590888,2518,51.122315,17.058108,109.5,-86,4,1.72
590967,591168,2519,51.122244,17.058213,109.4,-88,4,1.02
591377,591523,2520,51.122344,17.058149,108.9,-88,4,1.83
591775,592007,2521,51.12232,17.058151,109.0,-82,4,1.77
592181,592280,2522,51.122265,17.058213,109.7,-77,4,1.56
592568,592741,2523,51.122302,17.058169,109.0,-82,4,1.59
592961,593112,2524,51.122288,17.05821,109.3,-83,4,0.95
593372,593527,2525,51.122277,17.058213,109.1,-96,3,4.89
593767,593999,2526,51.122376,17.058106,109.2,-75,4,0.92
594192,594379,2527,51.12231,17.058239,109.1,-82,4,1.23
594586,594743,2528,51.122246,17.058154,109.3,-85,4,2.06
594990,595062,2529,51.122241,17.058166,109.2,-79,4,1.6
595404,595499,2530,51.122247,17.05826,109.0,-88,3,4.08
595783,595916,2531,51.122325,17.058277,108.8,-85,4,1.6
596156,596301,2532,51.122288,17.058318,108.9,-81,4,1.07
596533,596622,2533,51.122326,17.058212,108.6,-87,4,1.63
596952,597319,2534,51.12236,17.058237,108.8,-95,4,1.86
597344,598279,2535,51.122419,17.058305,108.5,-96,4,0.99
597782,598581,2536,51.122306,17.058351,108.9,-78,4,1.94
598174,598318,2537,51.122255,17.058308,108.9,-82,4,1.58
598577,598705,2538,51.12242,17.058262,109.0,-82,4,0.81
599000,599095,2539,51.122261,17.05839,108.5,-91,4,1.53
599430,599574,2540,51.122264,17.058309,108.5,-82,3,4.5
599861,600016,2541,51.122431,17.058319,109.0,-85,3,4.66
600279,601132,2542,51.122401,17.058267,108.4,-86,4,1.88
600694,600854,2543,51.122376,17.058383,109.1,-82,4,2.06
601103,601711,2544,51.122353,17.058397,108.5,-79,4,1.87
